state,district,city_name,latitude,longitude,population,source
"Maharashtra","Mumbai","Mumbai","19.0759837","72.8776559","12461724","Vynex Indian Cities Geodata"
"Delhi","Delhi","Delhi","28.6139391","77.2090212","16314838","Vynex Indian Cities Geodata"
"Karnataka","Bengaluru Urban","Bengaluru","12.9715987","77.5945627","8728906","Vynex Indian Cities Geodata"
"Gujarat","Ahmedabad","Ahmedabad","23.022505","72.5713621","6577940","Vynex Indian Cities Geodata"
"Telangana","Hyderabad","Hyderabad","17.384934","78.486616","8746490","Vynex Indian Cities Geodata"
"Tamil Nadu","Chennai","Chennai","13.0826802","80.2707184","8696010","Vynex Indian Cities Geodata"
"West Bengal","Kolkata","Kolkata","22.572646","88.363895","14112536","Vynex Indian Cities Geodata"
"Maharashtra","Pune","Pune","18.5204303","73.8567437","3115431","Vynex Indian Cities Geodata"
"Rajasthan","Jaipur","Jaipur","26.9124336","75.7872709","3046163","Vynex Indian Cities Geodata"
"Gujarat","Surat","Surat","21.1702401","72.8310607","4462002","Vynex Indian Cities Geodata"
"Uttar Pradesh","Lucknow","Lucknow","26.8466937","80.946166","2901474","Vynex Indian Cities Geodata"
"Uttar Pradesh","Kanpur","Kanpur","26.447965","80.330572","2920067","Vynex Indian Cities Geodata"
"Maharashtra","Nagpur","Nagpur","21.1458004","79.0881546","2405421","Vynex Indian Cities Geodata"
"Bihar","Patna","Patna","25.5940947","85.1375645","2046652","Vynex Indian Cities Geodata"
"Madhya Pradesh","Indore","Indore","22.7195687","75.8577258","2167447","Vynex Indian Cities Geodata"
"Maharashtra","","Thane","","","","Existing IRTMS India city catalog"
"Madhya Pradesh","Bhopal","Bhopal","23.2599333","77.412615","1883381","Vynex Indian Cities Geodata"
"Andhra Pradesh","Visakhapatnam","Visakhapatnam","17.6868159","83.2184815","2035922","Vynex Indian Cities Geodata"
"Gujarat","Vadodara","Vadodara","22.3071588","73.1812187","1670806","Vynex Indian Cities Geodata"
"Uttar Pradesh","Firozabad","Firozabad","27.1591006","78.3957574","603797","Vynex Indian Cities Geodata"
"Punjab","Ludhiana","Ludhiana","30.900965","75.8572758","1618879","Vynex Indian Cities Geodata"
"Gujarat","Rajkot","Rajkot","22.3038945","70.8021599","1286678","Vynex Indian Cities Geodata"
"Uttar Pradesh","Agra","Agra","27.1766701","78.0080745","1746467","Vynex Indian Cities Geodata"
"West Bengal","Darjeeling; Jalpaiguri","Siliguri","26.7083818","88.4268741","701489","Vynex Indian Cities Geodata"
"Maharashtra","Nashik","Nashik","19.9974533","73.7898023","1817359","Vynex Indian Cities Geodata"
"Haryana","Faridabad","Faridabad","28.4089123","77.3177894","1404653","Vynex Indian Cities Geodata"
"Punjab","Patiala","Patiala","30.3397809","76.3868797","445196","Vynex Indian Cities Geodata"
"Uttar Pradesh","Meerut","Meerut","28.9844618","77.7064137","1424908","Vynex Indian Cities Geodata"
"Maharashtra","","Kalyan-Dombivali","","","","Existing IRTMS India city catalog"
"Maharashtra","","Vasai-Virar","","","","Existing IRTMS India city catalog"
"Uttar Pradesh","Varanasi","Varanasi","25.3176452","82.9739144","1435113","Vynex Indian Cities Geodata"
"Jammu and Kashmir","Srinagar","Srinagar","34.081413","74.807591","1192792","Vynex Indian Cities Geodata"
"Jharkhand","Dhanbad","Dhanbad","23.7956531","86.4303859","1195298","Vynex Indian Cities Geodata"
"Rajasthan","Jodhpur","Jodhpur","26.2389469","73.0243094","1137815","Vynex Indian Cities Geodata"
"Punjab","Amritsar","Amritsar","31.6339793","74.8722642","1132761","Vynex Indian Cities Geodata"
"Chhattisgarh","Raipur","Raipur","21.2513844","81.6296413","1010087","Vynex Indian Cities Geodata"
"Uttar Pradesh","Allahabad","Allahabad","25.4358011","81.846311","1216719","Vynex Indian Cities Geodata"
"Tamil Nadu","Coimbatore","Coimbatore","11.0168445","76.9558321","2151466","Vynex Indian Cities Geodata"
"Madhya Pradesh","Jabalpur","Jabalpur","23.181467","79.9864071","1267564","Vynex Indian Cities Geodata"
"Madhya Pradesh","Gwalior","Gwalior","26.2182871","78.1828308","1101981","Vynex Indian Cities Geodata"
"Andhra Pradesh","Krishna","Vijayawada","16.5061743","80.6480153","1048240","Vynex Indian Cities Geodata"
"Tamil Nadu","Madurai","Madurai","9.9252007","78.1197754","1462420","Vynex Indian Cities Geodata"
"Assam","Kamrup","Guwahati","26.1445169","91.7362365","968549","Vynex Indian Cities Geodata"
"Chandigarh","Chandigarh","Chandigarh","30.7399738","76.7567368","1054686","Vynex Indian Cities Geodata"
"Karnataka","","Hubli-Dharwad","","","","Existing IRTMS India city catalog"
"Uttar Pradesh","Amroha","Amroha","28.9043537","78.4673426","197135","Vynex Indian Cities Geodata"
"Uttar Pradesh","Moradabad","Moradabad","28.8386481","78.7733286","889810","Vynex Indian Cities Geodata"
"Haryana","Gurgaon","Gurgaon","28.4594965","77.0266383","901968","Vynex Indian Cities Geodata"
"Uttar Pradesh","Aligarh","Aligarh","27.8973944","78.0880129","909559","Vynex Indian Cities Geodata"
"Maharashtra","Solapur","Solapur","17.6599188","75.9063906","951118","Vynex Indian Cities Geodata"
"Jharkhand","Ranchi","Ranchi","23.349649","85.334521","1126741","Vynex Indian Cities Geodata"
"Punjab","Jalandhar","Jalandhar","31.3260152","75.5761829","862196","Vynex Indian Cities Geodata"
"Tamil Nadu","Tiruchirappalli","Tiruchirappalli","10.7904833","78.7046725","1021717","Vynex Indian Cities Geodata"
"Odisha","Khurda","Bhubaneswar","20.295515","85.824797","881988","Vynex Indian Cities Geodata"
"Tamil Nadu","Salem","Salem","11.664325","78.1460142","919150","Vynex Indian Cities Geodata"
"Telangana","Warangal","Warangal","17.975762","79.601212","811844","Vynex Indian Cities Geodata"
"Maharashtra","","Mira-Bhayandar","","","","Existing IRTMS India city catalog"
"Kerala","Thiruvananthapuram","Thiruvananthapuram","8.5241391","76.9366376","957730","Vynex Indian Cities Geodata"
"Maharashtra","Thane","Bhiwandi","19.2812547","73.0482912","711329","Vynex Indian Cities Geodata"
"Uttar Pradesh","Saharanpur","Saharanpur","29.967079","77.5510172","703345","Vynex Indian Cities Geodata"
"Andhra Pradesh","Guntur","Guntur","16.3066525","80.4365402","743354","Vynex Indian Cities Geodata"
"Maharashtra","Amravati","Amravati","20.9374238","77.7795513","646801","Vynex Indian Cities Geodata"
"Rajasthan","Bikaner","Bikaner","28.0229348","73.3119159","644406","Vynex Indian Cities Geodata"
"Uttar Pradesh","Noida","Noida","28.600032","77.351504","259160","Vynex Indian Cities Geodata"
"Jharkhand","East Singhbhum","Jamshedpur","22.8045665","86.2028754","1337131","Vynex Indian Cities Geodata"
"Chhattisgarh","","Bhilai Nagar","","","","Existing IRTMS India city catalog"
"Odisha","Cuttack","Cuttack","20.462521","85.8829895","658986","Vynex Indian Cities Geodata"
"Kerala","Ernakulam","Kochi","9.9312328","76.2673041","612343","Vynex Indian Cities Geodata"
"Rajasthan","Udaipur","Udaipur","24.595745","73.694395","474531","Vynex Indian Cities Geodata"
"Gujarat","Bhavnagar","Bhavnagar","21.768064","72.147388","593368","Vynex Indian Cities Geodata"
"Uttarakhand","Dehradun","Dehradun","30.3164945","78.0321918","714223","Vynex Indian Cities Geodata"
"West Bengal","Bardhaman","Asansol","23.6739452","86.9523954","1243008","Vynex Indian Cities Geodata"
"Maharashtra","","Nanded-Waghala","","","","Existing IRTMS India city catalog"
"Rajasthan","Ajmer","Ajmer","26.4498954","74.6399163","551101","Vynex Indian Cities Geodata"
"Gujarat","Jamnagar","Jamnagar","22.4707019","70.05773","479920","Vynex Indian Cities Geodata"
"Madhya Pradesh","Ujjain","Ujjain","23.1793013","75.7849097","515215","Vynex Indian Cities Geodata"
"Maharashtra","","Sangli","","","","Existing IRTMS India city catalog"
"Uttar Pradesh","","Loni","","","","Existing IRTMS India city catalog"
"Uttar Pradesh","Jhansi","Jhansi","25.4484257","78.5684594","549391","Vynex Indian Cities Geodata"
"Puducherry","","Pondicherry","","","","Existing IRTMS India city catalog"
"Andhra Pradesh","Nellore","Nellore","14.4425987","79.986456","499575","Vynex Indian Cities Geodata"
"Jammu and Kashmir","Jammu","Jammu","32.726601","74.857031","503690","Vynex Indian Cities Geodata"
"Karnataka","","Belagavi","","","","Existing IRTMS India city catalog"
"Odisha","","Raurkela","","","","Existing IRTMS India city catalog"
"Karnataka","","Mangaluru","","","","Existing IRTMS India city catalog"
"Tamil Nadu","Tirunelveli","Tirunelveli","8.7139126","77.7566523","498984","Vynex Indian Cities Geodata"
"Maharashtra","Malegaon","Malegaon","20.554554","74.525989","409618","Vynex Indian Cities Geodata"
"Bihar","Gaya","Gaya","24.7954523","84.999431","470839","Vynex Indian Cities Geodata"
"Tamil Nadu","","Tiruppur","","","","Existing IRTMS India city catalog"
"Karnataka","","Davanagere","","","","Existing IRTMS India city catalog"
"Kerala","","Kozhikode","","","","Existing IRTMS India city catalog"
"Maharashtra","Akola","Akola","20.7059345","77.0219019","427618","Vynex Indian Cities Geodata"
"Andhra Pradesh","Kurnool","Kurnool","15.8281257","78.0372792","424920","Vynex Indian Cities Geodata"
"Jharkhand","Bokaro","Bokaro Steel City","23.6692956","86.151112","563417","Vynex Indian Cities Geodata"
"Andhra Pradesh","","Rajahmundry","","","","Existing IRTMS India city catalog"
"Karnataka","","Ballari","","","","Existing IRTMS India city catalog"
"Tripura","West Tripura","Agartala","23.831457","91.2867777","522613","Vynex Indian Cities Geodata"
"Bihar","Bhagalpur","Bhagalpur","25.2414303","86.9924358","410210","Vynex Indian Cities Geodata"
"Maharashtra","Latur","Latur","18.4087934","76.5603828","410873","Vynex Indian Cities Geodata"
"Maharashtra","Dhule","Dhule","20.9042201","74.7748979","380000","Vynex Indian Cities Geodata"
"Chhattisgarh","Korba","Korba","22.3594501","82.7500595","363210","Vynex Indian Cities Geodata"
"Rajasthan","Bhilwara","Bhilwara","25.321377","74.586953","359483","Vynex Indian Cities Geodata"
"Odisha","","Brahmapur","","","","Existing IRTMS India city catalog"
"Karnataka","Mysuru","Mysore","12.2958104","76.6393805","887446","Vynex Indian Cities Geodata"
"Bihar","Muzaffarpur","Muzaffarpur","26.1208876","85.3647201","393724","Vynex Indian Cities Geodata"
"Maharashtra","Ahmednagar","Ahmednagar","19.0952075","74.7495916","350000","Vynex Indian Cities Geodata"
"Kerala","Kollam","Kollam","8.8932118","76.6141396","349033","Vynex Indian Cities Geodata"
"West Bengal","","Raghunathganj","","","","Existing IRTMS India city catalog"
"Chhattisgarh","Bilaspur","Bilaspur","22.0796251","82.1391412","330106","Vynex Indian Cities Geodata"
"Uttar Pradesh","Shahjahanpur","Shahjahanpur","27.883744","79.9122455","356103","Vynex Indian Cities Geodata"
"Kerala","Thrissur","Thrissur","10.5276416","76.2144349","325474","Vynex Indian Cities Geodata"
"Rajasthan","Alwar","Alwar","27.5529907","76.6345735","341422","Vynex Indian Cities Geodata"
"Andhra Pradesh","East","Kakinada","16.9890648","82.2474648","312255","Vynex Indian Cities Geodata"
"Telangana","Nizamabad","Nizamabad","18.673421","78.092593","311152","Vynex Indian Cities Geodata"
"Madhya Pradesh","Sagar","Sagar","23.838805","78.7378068","370296","Vynex Indian Cities Geodata"
"Karnataka","Tumakuru","Tumkur","13.345018","77.101945","305821","Vynex Indian Cities Geodata"
"Haryana","Hisar","Hisar","29.1491875","75.7216527","306893","Vynex Indian Cities Geodata"
"Haryana","Rohtak","Rohtak","28.8955152","76.606611","373133","Vynex Indian Cities Geodata"
"Haryana","Panipat","Panipat","29.3909464","76.9635023","442277","Vynex Indian Cities Geodata"
"Bihar","Darbhanga","Darbhanga","26.111868","85.896004","306089","Vynex Indian Cities Geodata"
"West Bengal","Paschim Medinipur","Kharagpur","22.34601","87.2319753","293719","Vynex Indian Cities Geodata"
"Mizoram","Aizwal","Aizawl","23.727107","92.7176389","293416","Vynex Indian Cities Geodata"
"Maharashtra","Kolhapur","Ichalkaranji","16.7090008","74.4560807","325499","Vynex Indian Cities Geodata"
"Andhra Pradesh","Chittoor","Tirupati","13.6287557","79.4191795","374260","Vynex Indian Cities Geodata"
"Haryana","Karnal","Karnal","29.6856929","76.9904825","303425","Vynex Indian Cities Geodata"
"Punjab","Bathinda","Bathinda","30.210994","74.9454745","285788","Vynex Indian Cities Geodata"
"Uttar Pradesh","Rampur","Rampur","28.7893041","79.0249516","359062","Vynex Indian Cities Geodata"
"Karnataka","","Shivamogga","","","","Existing IRTMS India city catalog"
"Madhya Pradesh","Ratlam","Ratlam","23.3341696","75.0376325","273892","Vynex Indian Cities Geodata"
"Uttar Pradesh","Ghaziabad","Modinagar","28.8316307","77.5779592","182811","Vynex Indian Cities Geodata"
"Chhattisgarh","Durg","Durg","21.1904494","81.2849169","894376","Vynex Indian Cities Geodata"
"Meghalaya","East Khassi Hills","Shillong","25.578765","91.893187","143299","Vynex Indian Cities Geodata"
"Manipur","Imphal West; Imphal East","Imphal","24.8170111","93.9368439","264986","Vynex Indian Cities Geodata"
"Uttar Pradesh","Hapur","Hapur","28.7305798","77.7758825","262801","Vynex Indian Cities Geodata"
"Tamil Nadu","","Ranipet","","","","Existing IRTMS India city catalog"
"Andhra Pradesh","Anantapur","Anantapur","14.6818877","77.6005911","268503","Vynex Indian Cities Geodata"
"Bihar","Bhojpur","Arrah","25.5560443","84.6603307","261099","Vynex Indian Cities Geodata"
"Telangana","Karimnagar","Karimnagar","18.438485","79.128931","261185","Vynex Indian Cities Geodata"
"Maharashtra","Parbhani","Parbhani","19.2609958","76.776665","270000","Vynex Indian Cities Geodata"
"Uttar Pradesh","Etawah","Etawah","26.784784","79.021451","256790","Vynex Indian Cities Geodata"
"Rajasthan","Bharatpur","Bharatpur","27.216981","77.489515","252000","Vynex Indian Cities Geodata"
"Bihar","Begusarai","Begusarai","25.416675","86.1293792","251136","Vynex Indian Cities Geodata"
"Delhi","","New Delhi","","","","Existing IRTMS India city catalog"
"Bihar","Saran","Chhapra","25.7795649","84.7498886","212955","Vynex Indian Cities Geodata"
"Andhra Pradesh","Kadapa","Kadapa","14.4673541","78.8241339","341823","Vynex Indian Cities Geodata"
"Telangana","Karimnagar","Ramagundam","18.762412","79.473362","229644","Vynex Indian Cities Geodata"
"Rajasthan","Pali","Pali","25.7710893","73.3234478","230075","Vynex Indian Cities Geodata"
"Madhya Pradesh","Satna","Satna","24.6005075","80.8322428","283004","Vynex Indian Cities Geodata"
"Andhra Pradesh","Vizianagaram","Vizianagaram","18.1066576","83.3955506","228025","Vynex Indian Cities Geodata"
"Bihar","Katihar","Katihar","25.542424","87.567953","240565","Vynex Indian Cities Geodata"
"Uttarakhand","","Hardwar","","","","Existing IRTMS India city catalog"
"Haryana","Sonipat","Sonipat","28.9287735","77.091281","292339","Vynex Indian Cities Geodata"
"Tamil Nadu","Kanyakumari","Nagercoil","8.1832857","77.4118996","224849","Vynex Indian Cities Geodata"
"Tamil Nadu","Thanjavur","Thanjavur","10.7869994","79.1378274","222943","Vynex Indian Cities Geodata"
"Madhya Pradesh","","Murwara (Katni)","","","","Existing IRTMS India city catalog"
"West Bengal","","Naihati","","","","Existing IRTMS India city catalog"
"Uttar Pradesh","Sambhal","Sambhal","28.5903614","78.5717631","221334","Vynex Indian Cities Geodata"
"Gujarat","Kheda","Nadiad","22.6915853","72.8633635","218095","Vynex Indian Cities Geodata"
"Haryana","Yamunanagar","Yamunanagar","30.1290485","77.2673901","383318","Vynex Indian Cities Geodata"
"West Bengal","","English Bazar","","","","Existing IRTMS India city catalog"
"Andhra Pradesh","West","Eluru","16.7106604","81.0952431","217876","Vynex Indian Cities Geodata"
"Bihar","Munger","Munger","25.376505","86.476588","213101","Vynex Indian Cities Geodata"
"Haryana","Panchkula","Panchkula","30.6942091","76.860565","210175","Vynex Indian Cities Geodata"
"Karnataka","","Raayachuru","","","","Existing IRTMS India city catalog"
"Maharashtra","","Panvel","","","","Existing IRTMS India city catalog"
"Jharkhand","Deoghar","Deoghar","24.4763201","86.6913222","203116","Vynex Indian Cities Geodata"
"Andhra Pradesh","Prakasam","Ongole","15.5057232","80.049922","202826","Vynex Indian Cities Geodata"
"Andhra Pradesh","Kurnool","Nandyal","15.4785694","78.4830934","200746","Vynex Indian Cities Geodata"
"Madhya Pradesh","Morena","Morena","26.4933562","77.9909949","200506","Vynex Indian Cities Geodata"
"Haryana","Bhiwani","Bhiwani","28.7990445","76.1335112","197662","Vynex Indian Cities Geodata"
"Gujarat","Porbandar","Porbandar","21.6417069","69.6292654","151770","Vynex Indian Cities Geodata"
"Kerala","Palakkad","Palakkad","10.7867303","76.6547932","131019","Vynex Indian Cities Geodata"
"Gujarat","Anand","Anand","22.5645175","72.928871","198282","Vynex Indian Cities Geodata"
"Bihar","Purnia","Purnia","25.7771391","87.4752551","310817","Vynex Indian Cities Geodata"
"West Bengal","Murshidabad","Baharampur","24.164895","88.274906","305609","Vynex Indian Cities Geodata"
"Rajasthan","Barmer","Barmer","25.7531537","71.4180622","189715","Vynex Indian Cities Geodata"
"Gujarat","","Morvi","","","","Existing IRTMS India city catalog"
"Uttar Pradesh","Jalaun","Orai","26.00864","79.4478858","190625","Vynex Indian Cities Geodata"
"Uttar Pradesh","Bahraich","Bahraich","27.5708377","81.5980246","186241","Vynex Indian Cities Geodata"
"Rajasthan","Sikar","Sikar","27.6094","75.139911","244497","Vynex Indian Cities Geodata"
"Tamil Nadu","Vellore","Vellore","12.9165167","79.1324986","481966","Vynex Indian Cities Geodata"
"Madhya Pradesh","Singrauli","Singrauli","24.200261","82.663989","220295","Vynex Indian Cities Geodata"
"Telangana","Khammam","Khammam","17.247318","80.151443","184210","Vynex Indian Cities Geodata"
"Gujarat","","Mahesana","","","","Existing IRTMS India city catalog"
"Assam","Cachar","Silchar","24.8332708","92.7789054","228985","Vynex Indian Cities Geodata"
"Odisha","Sambalpur","Sambalpur","21.4668716","83.9811665","269575","Vynex Indian Cities Geodata"
"Madhya Pradesh","Rewa","Rewa","24.5372927","81.30418","235422","Vynex Indian Cities Geodata"
"Uttar Pradesh","Unnao","Unnao","26.5393449","80.4878195","178681","Vynex Indian Cities Geodata"
"West Bengal","","Hugli-Chinsurah","","","","Existing IRTMS India city catalog"
"West Bengal","Uttar Dinajpur","Raiganj","25.6185295","88.1255837","199758","Vynex Indian Cities Geodata"
"Jharkhand","Bokaro","Phusro","23.7622641","86.0020693","186139","Vynex Indian Cities Geodata"
"Jharkhand","","Adityapur","","","","Existing IRTMS India city catalog"
"Kerala","Alappuzha","Alappuzha","9.4980667","76.3388484","174164","Vynex Indian Cities Geodata"
"Haryana","Jhajjar","Bahadurgarh","28.6924464","76.9239727","170426","Vynex Indian Cities Geodata"
"Andhra Pradesh","Krishna","Machilipatnam","16.1905457","81.1361543","169892","Vynex Indian Cities Geodata"
"Uttar Pradesh","Raebareli","Rae Bareli","26.2345298","81.2408689","191625","Vynex Indian Cities Geodata"
"West Bengal","Jalpaiguri","Jalpaiguri","26.5434772","88.7205256","303874","Vynex Indian Cities Geodata"
"Gujarat","Bharuch","Bharuch","21.701963","72.99996","169007","Vynex Indian Cities Geodata"
"Punjab","Pathankot","Pathankot","32.2643375","75.6421121","143357","Vynex Indian Cities Geodata"
"Punjab","Hoshiarpur","Hoshiarpur","31.5143178","75.911483","168443","Vynex Indian Cities Geodata"
"Jammu and Kashmir","","Baramula","","","","Existing IRTMS India city catalog"
"Andhra Pradesh","Kurnool","Adoni","15.6322227","77.2728368","166537","Vynex Indian Cities Geodata"
"Haryana","Jind","Jind","29.3211153","76.3058328","166225","Vynex Indian Cities Geodata"
"Rajasthan","Tonk","Tonk","26.1620402","75.7894716","165294","Vynex Indian Cities Geodata"
"Andhra Pradesh","Guntur","Tenali","16.2395313","80.6493396","164937","Vynex Indian Cities Geodata"
"Tamil Nadu","","Kancheepuram","","","","Existing IRTMS India city catalog"
"Gujarat","Valsad","Vapi","20.3893155","72.9106202","163630","Vynex Indian Cities Geodata"
"Haryana","Sirsa","Sirsa","29.5335931","75.0177029","183282","Vynex Indian Cities Geodata"
"Gujarat","Navsari","Navsari","20.9467019","72.9520348","160941","Vynex Indian Cities Geodata"
"Telangana","Mahbubnagar","Mahbubnagar","16.748788","78.003626","157733","Vynex Indian Cities Geodata"
"Odisha","Puri","Puri","19.8133822","85.8314655","201026","Vynex Indian Cities Geodata"
"Karnataka","Kolar","Robertson Pet","12.9551189","78.2698622","162230","Vynex Indian Cities Geodata"
"Tamil Nadu","Erode","Erode","11.3410364","77.7171642","521776","Vynex Indian Cities Geodata"
"Punjab","Gurdaspur","Batala","31.8183238","75.2070644","151400","Vynex Indian Cities Geodata"
"Uttarakhand","","Haldwani-cum-Kathgodam","","","","Existing IRTMS India city catalog"
"Madhya Pradesh","Vidisha","Vidisha","23.5251102","77.8081363","155959","Vynex Indian Cities Geodata"
"Bihar","Saharsa","Saharsa","25.8834961","86.6006249","155175","Vynex Indian Cities Geodata"
"Haryana","Kurukshetra","Thanesar","29.9696148","76.8197522","154962","Vynex Indian Cities Geodata"
"Andhra Pradesh","Chittoor","Chittoor","13.217176","79.1003289","153766","Vynex Indian Cities Geodata"
"Gujarat","Gir Somnath","Veraval","20.91424","70.3611","154636","Vynex Indian Cities Geodata"
"Uttar Pradesh","Lakhimpur Kheri","Lakhimpur","27.9490794","80.7824012","164925","Vynex Indian Cities Geodata"
"Uttar Pradesh","Sitapur","Sitapur","27.561892","80.688511","188230","Vynex Indian Cities Geodata"
"Andhra Pradesh","Anantapur","Hindupur","13.829069","77.491835","151835","Vynex Indian Cities Geodata"
"West Bengal","","Santipur","","","","Existing IRTMS India city catalog"
"West Bengal","Dakshin Dinajpur","Balurghat","25.2372834","88.7830612","164593","Vynex Indian Cities Geodata"
"Madhya Pradesh","","Ganjbasoda","","","","Existing IRTMS India city catalog"
"Punjab","Moga","Moga","30.8164603","75.1717093","141432","Vynex Indian Cities Geodata"
"Andhra Pradesh","Kadapa","Proddatur","14.7491864","78.5531577","162816","Vynex Indian Cities Geodata"
"Uttarakhand","","Srinagar","","","","Existing IRTMS India city catalog"
"West Bengal","","Medinipur","","","","Existing IRTMS India city catalog"
"West Bengal","North 24 Parganas","Habra","22.8488542","88.6639591","304584","Vynex Indian Cities Geodata"
"Bihar","Rohtas","Sasaram","24.949036","84.0314295","147396","Vynex Indian Cities Geodata"
"Bihar","Vaishali","Hajipur","25.692562","85.208369","147688","Vynex Indian Cities Geodata"
"Gujarat","Kutch","Bhuj","23.2419997","69.6669324","143286","Vynex Indian Cities Geodata"
"Madhya Pradesh","Shivpuri","Shivpuri","25.4357869","77.665066","179972","Vynex Indian Cities Geodata"
"West Bengal","Nadia","Ranaghat","23.17405","88.5639352","235583","Vynex Indian Cities Geodata"
"Himachal Pradesh","Shimla","Shimla","31.1048145","77.1734033","171817","Vynex Indian Cities Geodata"
"Tamil Nadu","Tiruvannamalai","Tiruvannamalai","12.2252841","79.0746957","145278","Vynex Indian Cities Geodata"
"Haryana","Kaithal","Kaithal","29.7856734","76.3984537","144633","Vynex Indian Cities Geodata"
"Chhattisgarh","Rajnandgaon","Rajnandgaon","21.0971034","81.0302222","263122","Vynex Indian Cities Geodata"
"Gujarat","Panchmahal","Godhra","22.7788044","73.6142795","143644","Vynex Indian Cities Geodata"
"Jharkhand","","Hazaribag","","","","Existing IRTMS India city catalog"
"Andhra Pradesh","West","Bhimavaram","16.544709","81.520593","142280","Vynex Indian Cities Geodata"
"Madhya Pradesh","Mandsaur","Mandsaur","24.076836","75.0692952","141468","Vynex Indian Cities Geodata"
"Assam","Dibrugarh","Dibrugarh","27.4728327","94.9119621","154019","Vynex Indian Cities Geodata"
"Karnataka","Kolar","Kolar","13.1357446","78.1325611","138462","Vynex Indian Cities Geodata"
"West Bengal","Bankura","Bankura","23.2324146","87.0786044","138036","Vynex Indian Cities Geodata"
"Karnataka","Mandya","Mandya","12.5221567","76.9009191","137358","Vynex Indian Cities Geodata"
"Bihar","","Dehri-on-Sone","","","","Existing IRTMS India city catalog"
"Andhra Pradesh","Chittoor","Madanapalle","13.5603491","78.5036065","135669","Vynex Indian Cities Geodata"
"Punjab","Sangrur","Malerkotla","30.5232076","75.8882508","135424","Vynex Indian Cities Geodata"
"Uttar Pradesh","Lalitpur","Lalitpur","24.6878597","78.4120206","133041","Vynex Indian Cities Geodata"
"Bihar","West Champaran","Bettiah","26.8028048","84.5169757","156200","Vynex Indian Cities Geodata"
"Tamil Nadu","Coimbatore","Pollachi","10.6572737","77.0106693","90180","Vynex Indian Cities Geodata"
"Punjab","Ludhiana","Khanna","30.697852","76.2112286","128137","Vynex Indian Cities Geodata"
"Madhya Pradesh","Neemuch","Neemuch","24.4763852","74.8624092","128575","Vynex Indian Cities Geodata"
"Haryana","Palwal","Palwal","28.1487362","77.3320262","131121","Vynex Indian Cities Geodata"
"Gujarat","Palanpur","Palanpur","24.174051","72.4330989","122344","Vynex Indian Cities Geodata"
"Andhra Pradesh","Anantapur","Guntakal","15.1674091","77.3736238","126270","Vynex Indian Cities Geodata"
"West Bengal","Nadia","Nabadwip","23.4036446","88.3676393","175474","Vynex Indian Cities Geodata"
"Karnataka","Udupi","Udupi","13.3371151","74.746596","165401","Vynex Indian Cities Geodata"
"Chhattisgarh","Bastar","Jagdalpur","19.0740973","82.008014","125345","Vynex Indian Cities Geodata"
"Bihar","East Champaran","Motihari","26.6469624","84.9088938","125183","Vynex Indian Cities Geodata"
"Uttar Pradesh","Pilibhit","Pilibhit","28.6207939","79.8128649","160146","Vynex Indian Cities Geodata"
"Nagaland","Dimapur","Dimapur","25.8629885","93.7536663","375782","Vynex Indian Cities Geodata"
"Punjab","Mohali","Mohali","30.7046486","76.7178726","146104","Vynex Indian Cities Geodata"
"Rajasthan","","Sadulpur","","","","Existing IRTMS India city catalog"
"Tamil Nadu","Virudhunagar","Rajapalayam","9.451559","77.554355","130442","Vynex Indian Cities Geodata"
"Andhra Pradesh","Anantapur","Dharmavaram","14.422733","77.721472","121874","Vynex Indian Cities Geodata"
"Uttarakhand","Udham Singh Nagar","Kashipur","29.2104232","78.9618845","121610","Vynex Indian Cities Geodata"
"Tamil Nadu","","Sivakasi","","","","Existing IRTMS India city catalog"
"West Bengal","","Darjiling","","","","Existing IRTMS India city catalog"
"Karnataka","","Chikkamagaluru","","","","Existing IRTMS India city catalog"
"Andhra Pradesh","Krishna","Gudivada","16.4410255","80.9926327","118167","Vynex Indian Cities Geodata"
"Odisha","","Baleshwar Town","","","","Existing IRTMS India city catalog"
"Telangana","Adilabad","Mancherial","18.868797","79.446944","86911","Vynex Indian Cities Geodata"
"Andhra Pradesh","Srikakulam","Srikakulam","18.2969747","83.8967813","125939","Vynex Indian Cities Geodata"
"Telangana","Adilabad","Adilabad","19.676527","78.532194","117167","Vynex Indian Cities Geodata"
"Maharashtra","Yavatmal","Yavatmal","20.3887937","78.1204073","138303","Vynex Indian Cities Geodata"
"Punjab","Barnala","Barnala","30.3819446","75.5467979","116449","Vynex Indian Cities Geodata"
"Assam","Nagaon","Nagaon","26.3463713","92.6840426","147137","Vynex Indian Cities Geodata"
"Andhra Pradesh","Guntur","Narasaraopet","16.2353506","80.0479039","116250","Vynex Indian Cities Geodata"
"Chhattisgarh","Raigarh","Raigarh","21.8974003","83.3949632","100097","Vynex Indian Cities Geodata"
"Uttarakhand","Haridwar","Roorkee","29.8542626","77.8880002","275502","Vynex Indian Cities Geodata"
"Gujarat","Valsad","Valsad","20.5992349","72.9342451","114636","Vynex Indian Cities Geodata"
"Chhattisgarh","Surguja","Ambikapur","23.1354921","83.1817856","114575","Vynex Indian Cities Geodata"
"Jharkhand","Giridih","Giridih","24.1821391","86.2869507","143529","Vynex Indian Cities Geodata"
"Uttar Pradesh","Sambhal","Chandausi","28.4480507","78.7796105","114254","Vynex Indian Cities Geodata"
"West Bengal","Purulia","Purulia","23.3320779","86.365208","126894","Vynex Indian Cities Geodata"
"Gujarat","Patan","Patan","23.8493246","72.1266255","125497","Vynex Indian Cities Geodata"
"Bihar","West Champaran","Bagaha","27.128635","84.062203","113012","Vynex Indian Cities Geodata"
"Uttar Pradesh","Hardoi","Hardoi ","27.3986345","80.1316927","197046","Vynex Indian Cities Geodata"
"Maharashtra","Amravati","Achalpur","21.257584","77.5086754","112293","Vynex Indian Cities Geodata"
"Maharashtra","Osmanabad","Osmanabad","18.1860659","76.0419409","112085","Vynex Indian Cities Geodata"
"Gujarat","Banaskantha","Deesa","24.2585031","72.1906721","111149","Vynex Indian Cities Geodata"
"Maharashtra","Nandurbar","Nandurbar","21.3755507","74.2427644","329786","Vynex Indian Cities Geodata"
"Uttar Pradesh","Azamgarh","Azamgarh","26.0737044","83.1859458","116165","Vynex Indian Cities Geodata"
"Jharkhand","Ramgarh","Ramgarh","23.6332243","85.5148735","132441","Vynex Indian Cities Geodata"
"Punjab","Firozpur","Firozpur","30.9331348","74.6224755","110091","Vynex Indian Cities Geodata"
"Odisha","","Baripada Town","","","","Existing IRTMS India city catalog"
"Karnataka","","Karwar","","","","Existing IRTMS India city catalog"
"Bihar","Siwan","Siwan","26.2196205","84.3566593","134458","Vynex Indian Cities Geodata"
"Andhra Pradesh","","Rajampet","","","","Existing IRTMS India city catalog"
"Tamil Nadu","Pudukkottai","Pudukkottai","10.379663","78.8208454","143745","Vynex Indian Cities Geodata"
"Jammu and Kashmir","Anantnag","Anantnag","33.704949","75.247874","108505","Vynex Indian Cities Geodata"
"Andhra Pradesh","","Tadpatri","","","","Existing IRTMS India city catalog"
"Maharashtra","Satara","Satara","17.6804639","74.018261","149335","Vynex Indian Cities Geodata"
"Odisha","Bhadrak","Bhadrak","21.0582737","86.4958396","129152","Vynex Indian Cities Geodata"
"Bihar","Kishanganj","Kishanganj","26.0917422","87.9383822","107076","Vynex Indian Cities Geodata"
"Telangana","Nalgonda","Suryapet","17.143132","79.630418","105531","Vynex Indian Cities Geodata"
"Maharashtra","Wardha","Wardha","20.745319","78.6021946","106444","Vynex Indian Cities Geodata"
"Karnataka","Haveri","Ranebennuru","14.6113428","75.6382657","106365","Vynex Indian Cities Geodata"
"Gujarat","Amreli","Amreli","21.6031774","71.2220832","105573","Vynex Indian Cities Geodata"
"Tamil Nadu","","Neyveli (TS)","","","","Existing IRTMS India city catalog"
"Bihar","Munger","Jamalpur","25.312717","86.4906091","105221","Vynex Indian Cities Geodata"
"Goa","","Marmagao","","","","Existing IRTMS India city catalog"
"Maharashtra","Latur","Udgir","18.3942882","77.1126009","91933","Vynex Indian Cities Geodata"
"Andhra Pradesh","West","Tadepalligudem","16.8138415","81.521241","103906","Vynex Indian Cities Geodata"
"Tamil Nadu","Nagapattinam","Nagapattinam","10.7656082","79.8423888","102905","Vynex Indian Cities Geodata"
"Bihar","Buxar","Buxar","25.5647103","83.9777482","110608","Vynex Indian Cities Geodata"
"Maharashtra","Aurangabad","Aurangabad","19.8761653","75.3433139","1171330","Vynex Indian Cities Geodata"
"Bihar","Jehanabad","Jehanabad","25.2139287","84.9895549","102456","Vynex Indian Cities Geodata"
"Punjab","Kapurthala","Phagwara","31.2240198","75.7708013","97864","Vynex Indian Cities Geodata"
"Uttar Pradesh","Aligarh","Khair","27.9391956","77.8424456","102106","Vynex Indian Cities Geodata"
"Rajasthan","Sawai Madhopur","Sawai Madhopur","26.0377772","76.3521514","121106","Vynex Indian Cities Geodata"
"Punjab","Kapurthala","Kapurthala","31.367197","75.374504","101654","Vynex Indian Cities Geodata"
"Andhra Pradesh","Guntur","Chilakaluripet","16.0924301","80.1623948","101398","Vynex Indian Cities Geodata"
"Bihar","Aurangabad","Aurangabad","24.7457189","84.3804888","101520","Vynex Indian Cities Geodata"
"Kerala","Malappuram","Malappuram","11.0731819","76.0739999","101386","Vynex Indian Cities Geodata"
"Haryana","Rewari","Rewari","28.1927631","76.6239423","140864","Vynex Indian Cities Geodata"
"Rajasthan","Nagaur","Nagaur","27.1991222","73.740924","110797","Vynex Indian Cities Geodata"
"Uttar Pradesh","Sultanpur","Sultanpur","26.2647757","82.0727061","116211","Vynex Indian Cities Geodata"
"Madhya Pradesh","Ujjain","Nagda","23.4454599","75.4169918","100036","Vynex Indian Cities Geodata"
"Andaman and Nicobar Islands","South Andaman","Port Blair","11.6233774","92.7264828","108058","Vynex Indian Cities Geodata"
"Bihar","Lakhisarai","Lakhisarai","25.1673614","86.0988253","99931","Vynex Indian Cities Geodata"
"Goa","North Goa","Panaji","15.4909301","73.8278496","114405","Vynex Indian Cities Geodata"
"Assam","Tinsukia","Tinsukia","27.4921909","95.346775","125637","Vynex Indian Cities Geodata"
"Madhya Pradesh","Hoshangabad","Itarsi","22.6054858","77.753544","114430","Vynex Indian Cities Geodata"
"Nagaland","Kohima","Kohima","25.6585963","94.1053307","99039","Vynex Indian Cities Geodata"
"Odisha","Balangir","Balangir","20.7074234","83.4842725","98238","Vynex Indian Cities Geodata"
"Bihar","Nawada","Nawada","24.877299","85.538434","118820","Vynex Indian Cities Geodata"
"Odisha","Jharsuguda","Jharsuguda","21.8554375","84.0061661","97730","Vynex Indian Cities Geodata"
"Telangana","Karimnagar","Jagtial","18.788321","78.913899","96470","Vynex Indian Cities Geodata"
"Tamil Nadu","Viluppuram","Viluppuram","11.9368897","79.4872619","96253","Vynex Indian Cities Geodata"
"Maharashtra","Jalgaon","Amalner","21.0419208","75.0581943","96000","Vynex Indian Cities Geodata"
"Punjab","Mohali","Zirakpur","30.6425496","76.8173359","95553","Vynex Indian Cities Geodata"
"Uttar Pradesh","Ambedkar Nagar","Tanda","26.5432647","82.6645469","109539","Vynex Indian Cities Geodata"
"Tamil Nadu","Namakkal","Tiruchengode","11.378665","77.894975","95335","Vynex Indian Cities Geodata"
"Uttar Pradesh","Bijnor","Nagina","29.4426409","78.4326638","95246","Vynex Indian Cities Geodata"
"Andhra Pradesh","","Yemmiganur","","","","Existing IRTMS India city catalog"
"Tamil Nadu","Vellore","Vaniyambadi","12.6950325","78.6218853","195061","Vynex Indian Cities Geodata"
"Madhya Pradesh","","Sarni","","","","Existing IRTMS India city catalog"
"Tamil Nadu","Theni","Theni Allinagaram","10.010262","77.476819","94453","Vynex Indian Cities Geodata"
"Goa","South Goa","Margao","15.2832187","73.986191","87650","Vynex Indian Cities Geodata"
"Maharashtra","Akola","Akot","21.0973361","77.053568","92637","Vynex Indian Cities Geodata"
"Madhya Pradesh","Sehore","Sehore","23.205012","77.0850781","109025","Vynex Indian Cities Geodata"
"Madhya Pradesh","","Mhow Cantonment","","","","Existing IRTMS India city catalog"
"Punjab","","Kot Kapura","","","","Existing IRTMS India city catalog"
"Rajasthan","Nagaur","Makrana","27.0285581","74.714621","116295","Vynex Indian Cities Geodata"
"Maharashtra","Solapur","Pandharpur","17.6745535","75.3237262","140000","Vynex Indian Cities Geodata"
"Telangana","Nalgonda","Miryalaguda","16.862087","79.554051","103817","Vynex Indian Cities Geodata"
"Uttar Pradesh","Shamli","Shamli","29.4507575","77.3152116","107233","Vynex Indian Cities Geodata"
"Madhya Pradesh","Seoni","Seoni","22.0868691","79.5434841","102377","Vynex Indian Cities Geodata"
"Karnataka","","Ranibennur","","","","Existing IRTMS India city catalog"
"Andhra Pradesh","","Kadiri","","","","Existing IRTMS India city catalog"
"Maharashtra","","Shrirampur","","","","Existing IRTMS India city catalog"
"Uttarakhand","Udham Singh Nagar","Rudrapur","28.9875082","79.4141214","154485","Vynex Indian Cities Geodata"
"Maharashtra","Beed","Parli","18.8453169","76.5198462","88510","Vynex Indian Cities Geodata"
"Uttar Pradesh","Bijnor","Najibabad","29.6127789","78.3446003","88535","Vynex Indian Cities Geodata"
"Telangana","","Nirmal","","","","Existing IRTMS India city catalog"
"Tamil Nadu","","Udhagamandalam","","","","Existing IRTMS India city catalog"
"Uttar Pradesh","Firozabad","Shikohabad","27.110254","78.573784","107300","Vynex Indian Cities Geodata"
"Jharkhand","","Jhumri Tilaiya","","","","Existing IRTMS India city catalog"
"Tamil Nadu","","Aruppukkottai","","","","Existing IRTMS India city catalog"
"Kerala","Malappuram","Ponnani","10.7677201","75.9259013","90374","Vynex Indian Cities Geodata"
"Bihar","","Jamui","","","","Existing IRTMS India city catalog"
"Bihar","Sitamarhi","Sitamarhi","26.5952476","85.4808393","105924","Vynex Indian Cities Geodata"
"Andhra Pradesh","","Chirala","","","","Existing IRTMS India city catalog"
"Gujarat","","Anjar","","","","Existing IRTMS India city catalog"
"Puducherry","Karaikal","Karaikal","10.9254398","79.8380056","86838","Vynex Indian Cities Geodata"
"Haryana","","Hansi","","","","Existing IRTMS India city catalog"
"Andhra Pradesh","","Anakapalle","","","","Existing IRTMS India city catalog"
"Chhattisgarh","Mahasamund","Mahasamund","21.1091317","82.0979023","96850","Vynex Indian Cities Geodata"
"Punjab","","Faridkot","","","","Existing IRTMS India city catalog"
"Jharkhand","","Saunda","","","","Existing IRTMS India city catalog"
"Gujarat","","Dhoraji","","","","Existing IRTMS India city catalog"
"Tamil Nadu","Ramanathapuram","Paramakudi","9.5483949","78.5916335","95579","Vynex Indian Cities Geodata"
"Madhya Pradesh","Balaghat","Balaghat","21.812876","80.1838293","93231","Vynex Indian Cities Geodata"
"Rajasthan","Churu","Sujangarh","27.7044756","74.4642861","101528","Vynex Indian Cities Geodata"
"Gujarat","Anand","Khambhat","22.316748","72.624144","183830","Vynex Indian Cities Geodata"
"Punjab","","Muktsar","","","","Existing IRTMS India city catalog"
"Punjab","Patiala","Rajpura","30.483997","76.5939516","92193","Vynex Indian Cities Geodata"
"Andhra Pradesh","","Kavali","","","","Existing IRTMS India city catalog"
"Chhattisgarh","Dhamtari","Dhamtari","20.7014999","81.5541579","101677","Vynex Indian Cities Geodata"
"Madhya Pradesh","","Ashok Nagar","","","","Existing IRTMS India city catalog"
"Rajasthan","Churu","Sardarshahar","28.440419","74.493705","95911","Vynex Indian Cities Geodata"
"Gujarat","Bhavnagar","Mahuva","21.0902193","71.7563169","98519","Vynex Indian Cities Geodata"
"Odisha","","Bargarh","","","","Existing IRTMS India city catalog"
"Telangana","","Kamareddy","","","","Existing IRTMS India city catalog"
"Jharkhand","Sahibganj","Sahibganj","25.2381216","87.6453592","80154","Vynex Indian Cities Geodata"
"Telangana","Khammam","Kothagudem","17.6335295","81.0395821","79819","Vynex Indian Cities Geodata"
"Karnataka","","Ramanagaram","","","","Existing IRTMS India city catalog"
"Karnataka","","Gokak","","","","Existing IRTMS India city catalog"
"Madhya Pradesh","","Tikamgarh","","","","Existing IRTMS India city catalog"
"Bihar","","Araria","","","","Existing IRTMS India city catalog"
"Uttarakhand","Dehradun","Rishikesh","30.0869281","78.2676116","102138","Vynex Indian Cities Geodata"
"Madhya Pradesh","","Shahdol","","","","Existing IRTMS India city catalog"
"Jharkhand","","Medininagar (Daltonganj)","","","","Existing IRTMS India city catalog"
"Tamil Nadu","","Arakkonam","","","","Existing IRTMS India city catalog"
"Maharashtra","","Washim","","","","Existing IRTMS India city catalog"
"Punjab","","Sangrur","","","","Existing IRTMS India city catalog"
"Telangana","","Bodhan","","","","Existing IRTMS India city catalog"
"Punjab","","Fazilka","","","","Existing IRTMS India city catalog"
"Andhra Pradesh","","Palacole","","","","Existing IRTMS India city catalog"
"Gujarat","","Keshod","","","","Existing IRTMS India city catalog"
"Andhra Pradesh","","Sullurpeta","","","","Existing IRTMS India city catalog"
"Gujarat","","Wadhwan","","","","Existing IRTMS India city catalog"
"Punjab","","Gurdaspur","","","","Existing IRTMS India city catalog"
"Kerala","","Vatakara","","","","Existing IRTMS India city catalog"
"Meghalaya","","Tura","","","","Existing IRTMS India city catalog"
"Haryana","","Narnaul","","","","Existing IRTMS India city catalog"
"Punjab","","Kharar","","","","Existing IRTMS India city catalog"
"Karnataka","","Yadgir","","","","Existing IRTMS India city catalog"
"Maharashtra","","Ambejogai","","","","Existing IRTMS India city catalog"
"Gujarat","Bharuch","Ankleshwar","21.6264236","73.0151984","140839","Vynex Indian Cities Geodata"
"Gujarat","","Savarkundla","","","","Existing IRTMS India city catalog"
"Odisha","","Paradip","","","","Existing IRTMS India city catalog"
"Tamil Nadu","","Virudhachalam","","","","Existing IRTMS India city catalog"
"Kerala","","Kanhangad","","","","Existing IRTMS India city catalog"
"Gujarat","","Kadi","","","","Existing IRTMS India city catalog"
"Tamil Nadu","","Srivilliputhur","","","","Existing IRTMS India city catalog"
"Punjab","","Gobindgarh","","","","Existing IRTMS India city catalog"
"Tamil Nadu","","Tindivanam","","","","Existing IRTMS India city catalog"
"Punjab","","Mansa","","","","Existing IRTMS India city catalog"
"Kerala","","Taliparamba","","","","Existing IRTMS India city catalog"
"Maharashtra","","Manmad","","","","Existing IRTMS India city catalog"
"Andhra Pradesh","","Tanuku","","","","Existing IRTMS India city catalog"
"Andhra Pradesh","","Rayachoti","","","","Existing IRTMS India city catalog"
"Tamil Nadu","","Virudhunagar","","","","Existing IRTMS India city catalog"
"Kerala","","Koyilandy","","","","Existing IRTMS India city catalog"
"Assam","Jorhat","Jorhat","26.7465203","94.2025859","153249","Vynex Indian Cities Geodata"
"Tamil Nadu","","Karur","","","","Existing IRTMS India city catalog"
"Tamil Nadu","","Valparai","","","","Existing IRTMS India city catalog"
"Andhra Pradesh","","Srikalahasti","","","","Existing IRTMS India city catalog"
"Kerala","","Neyyattinkara","","","","Existing IRTMS India city catalog"
"Andhra Pradesh","","Bapatla","","","","Existing IRTMS India city catalog"
"Haryana","","Fatehabad","","","","Existing IRTMS India city catalog"
"Punjab","","Malout","","","","Existing IRTMS India city catalog"
"Tamil Nadu","","Sankarankovil","","","","Existing IRTMS India city catalog"
"Tamil Nadu","","Tenkasi","","","","Existing IRTMS India city catalog"
"Maharashtra","","Ratnagiri","","","","Existing IRTMS India city catalog"
"Karnataka","","Rabkavi Banhatti","","","","Existing IRTMS India city catalog"
"Uttar Pradesh","","Sikandrabad","","","","Existing IRTMS India city catalog"
"Jharkhand","","Chaibasa","","","","Existing IRTMS India city catalog"
"Chhattisgarh","Koriya","Chirmiri","23.1879502","82.354162","103575","Vynex Indian Cities Geodata"
"Telangana","","Palwancha","","","","Existing IRTMS India city catalog"
"Odisha","","Bhawanipatna","","","","Existing IRTMS India city catalog"
"Kerala","","Kayamkulam","","","","Existing IRTMS India city catalog"
"Madhya Pradesh","Dhar","Pithampur","22.613252","75.6822899","126099","Vynex Indian Cities Geodata"
"Punjab","","Nabha","","","","Existing IRTMS India city catalog"
"Uttar Pradesh","","Shahabad, Hardoi","","","","Existing IRTMS India city catalog"
"Odisha","","Dhenkanal","","","","Existing IRTMS India city catalog"
"Maharashtra","","Uran Islampur","","","","Existing IRTMS India city catalog"
"Bihar","","Gopalganj","","","","Existing IRTMS India city catalog"
"Assam","","Bongaigaon City","","","","Existing IRTMS India city catalog"
"Tamil Nadu","","Palani","","","","Existing IRTMS India city catalog"
"Maharashtra","","Pusad","","","","Existing IRTMS India city catalog"
"Jammu and Kashmir","","Sopore","","","","Existing IRTMS India city catalog"
"Uttar Pradesh","","Pilkhuwa","","","","Existing IRTMS India city catalog"
"Punjab","","Tarn Taran","","","","Existing IRTMS India city catalog"
"Uttar Pradesh","","Renukoot","","","","Existing IRTMS India city catalog"
"Telangana","","Mandamarri","","","","Existing IRTMS India city catalog"
"Karnataka","","Shahabad","","","","Existing IRTMS India city catalog"
"Odisha","","Barbil","","","","Existing IRTMS India city catalog"
"Telangana","","Koratla","","","","Existing IRTMS India city catalog"
"Bihar","","Madhubani","","","","Existing IRTMS India city catalog"
"West Bengal","","Arambagh","","","","Existing IRTMS India city catalog"
"Haryana","","Gohana","","","","Existing IRTMS India city catalog"
"Rajasthan","","Ladnu","","","","Existing IRTMS India city catalog"
"Tamil Nadu","","Pattukkottai","","","","Existing IRTMS India city catalog"
"Karnataka","","Sirsi","","","","Existing IRTMS India city catalog"
"Telangana","","Sircilla","","","","Existing IRTMS India city catalog"
"West Bengal","","Tamluk","","","","Existing IRTMS India city catalog"
"Punjab","","Jagraon","","","","Existing IRTMS India city catalog"
"West Bengal","","AlipurdUrban Agglomerationr","","","","Existing IRTMS India city catalog"
"Madhya Pradesh","","Alirajpur","","","","Existing IRTMS India city catalog"
"Telangana","","Tandur","","","","Existing IRTMS India city catalog"
"Andhra Pradesh","","Naidupet","","","","Existing IRTMS India city catalog"
"Tamil Nadu","","Tirupathur","","","","Existing IRTMS India city catalog"
"Haryana","","Tohana","","","","Existing IRTMS India city catalog"
"Rajasthan","","Ratangarh","","","","Existing IRTMS India city catalog"
"Assam","Dhubri","Dhubri","26.0206982","89.9743463","109234","Vynex Indian Cities Geodata"
"Bihar","","Masaurhi","","","","Existing IRTMS India city catalog"
"Gujarat","","Visnagar","","","","Existing IRTMS India city catalog"
"Uttar Pradesh","","Vrindavan","","","","Existing IRTMS India city catalog"
"Rajasthan","","Nokha","","","","Existing IRTMS India city catalog"
"Andhra Pradesh","","Nagari","","","","Existing IRTMS India city catalog"
"Haryana","","Narwana","","","","Existing IRTMS India city catalog"
"Tamil Nadu","","Ramanathapuram","","","","Existing IRTMS India city catalog"
"Uttar Pradesh","Budaun","Ujhani","28.0003235","79.0051685","126000","Vynex Indian Cities Geodata"
"Bihar","","Samastipur","","","","Existing IRTMS India city catalog"
"Uttar Pradesh","","Laharpur","","","","Existing IRTMS India city catalog"
"Maharashtra","","Sangamner","","","","Existing IRTMS India city catalog"
"Rajasthan","","Nimbahera","","","","Existing IRTMS India city catalog"
"Telangana","Medak","Siddipet","18.101864","78.851948","113358","Vynex Indian Cities Geodata"
"West Bengal","","Suri","","","","Existing IRTMS India city catalog"
"Assam","","Diphu","","","","Existing IRTMS India city catalog"
"West Bengal","","Jhargram","","","","Existing IRTMS India city catalog"
"Maharashtra","","Shirpur-Warwade","","","","Existing IRTMS India city catalog"
"Uttar Pradesh","","Tilhar","","","","Existing IRTMS India city catalog"
"Karnataka","","Sindhnur","","","","Existing IRTMS India city catalog"
"Tamil Nadu","","Udumalaipettai","","","","Existing IRTMS India city catalog"
"Maharashtra","","Malkapur","","","","Existing IRTMS India city catalog"
"Telangana","","Wanaparthy","","","","Existing IRTMS India city catalog"
"Andhra Pradesh","","Gudur","","","","Existing IRTMS India city catalog"
"Odisha","","Kendujhar","","","","Existing IRTMS India city catalog"
"Madhya Pradesh","","Mandla","","","","Existing IRTMS India city catalog"
"Himachal Pradesh","","Mandi","","","","Existing IRTMS India city catalog"
"Kerala","","Nedumangad","","","","Existing IRTMS India city catalog"
"Assam","","North Lakhimpur","","","","Existing IRTMS India city catalog"
"Andhra Pradesh","","Vinukonda","","","","Existing IRTMS India city catalog"
"Karnataka","","Tiptur","","","","Existing IRTMS India city catalog"
"Tamil Nadu","","Gobichettipalayam","","","","Existing IRTMS India city catalog"
"Odisha","","Sunabeda","","","","Existing IRTMS India city catalog"
"Maharashtra","","Wani","","","","Existing IRTMS India city catalog"
"Gujarat","","Upleta","","","","Existing IRTMS India city catalog"
"Andhra Pradesh","","Narasapuram","","","","Existing IRTMS India city catalog"
"Andhra Pradesh","","Nuzvid","","","","Existing IRTMS India city catalog"
"Assam","Sonitpur","Tezpur","26.6528495","92.7925592","100477","Vynex Indian Cities Geodata"
"Gujarat","","Una","","","","Existing IRTMS India city catalog"
"Andhra Pradesh","","Markapur","","","","Existing IRTMS India city catalog"
"Madhya Pradesh","","Sheopur","","","","Existing IRTMS India city catalog"
"Tamil Nadu","","Thiruvarur","","","","Existing IRTMS India city catalog"
"Gujarat","","Sidhpur","","","","Existing IRTMS India city catalog"
"Uttar Pradesh","Budaun","Sahaswan","28.0724712","78.7561222","114921","Vynex Indian Cities Geodata"
"Rajasthan","","Suratgarh","","","","Existing IRTMS India city catalog"
"Madhya Pradesh","","Shajapur","","","","Existing IRTMS India city catalog"
"Odisha","","Rayagada","","","","Existing IRTMS India city catalog"
"Maharashtra","","Lonavla","","","","Existing IRTMS India city catalog"
"Andhra Pradesh","","Ponnur","","","","Existing IRTMS India city catalog"
"Telangana","","Kagaznagar","","","","Existing IRTMS India city catalog"
"Telangana","","Gadwal","","","","Existing IRTMS India city catalog"
"Chhattisgarh","","Bhatapara","","","","Existing IRTMS India city catalog"
"Andhra Pradesh","","Kandukur","","","","Existing IRTMS India city catalog"
"Telangana","","Sangareddy","","","","Existing IRTMS India city catalog"
"Gujarat","","Unjha","","","","Existing IRTMS India city catalog"
"Mizoram","","Lunglei","","","","Existing IRTMS India city catalog"
"Assam","","Karimganj","","","","Existing IRTMS India city catalog"
"Kerala","Kannur","Kannur","11.8744775","75.3703662","232634","Vynex Indian Cities Geodata"
"Andhra Pradesh","","Bobbili","","","","Existing IRTMS India city catalog"
"Bihar","","Mokameh","","","","Existing IRTMS India city catalog"
"Maharashtra","","Talegaon Dabhade","","","","Existing IRTMS India city catalog"
"Maharashtra","","Anjangaon","","","","Existing IRTMS India city catalog"
"Gujarat","","Mangrol","","","","Existing IRTMS India city catalog"
"Punjab","","Sunam","","","","Existing IRTMS India city catalog"
"West Bengal","","Gangarampur","","","","Existing IRTMS India city catalog"
"Tamil Nadu","","Thiruvallur","","","","Existing IRTMS India city catalog"
"Kerala","","Tirur","","","","Existing IRTMS India city catalog"
"Uttar Pradesh","","Rath","","","","Existing IRTMS India city catalog"
"Odisha","","Jatani","","","","Existing IRTMS India city catalog"
"Gujarat","","Viramgam","","","","Existing IRTMS India city catalog"
"Rajasthan","","Rajsamand","","","","Existing IRTMS India city catalog"
"Puducherry","","Yanam","","","","Existing IRTMS India city catalog"
"Kerala","Kottayam","Kottayam","9.5915668","76.5221531","129894","Vynex Indian Cities Geodata"
"Tamil Nadu","","Panruti","","","","Existing IRTMS India city catalog"
"Punjab","","Dhuri","","","","Existing IRTMS India city catalog"
"Tamil Nadu","","Namakkal","","","","Existing IRTMS India city catalog"
"Kerala","Kasaragod","Kasaragod","12.5102239","74.9851678","192856","Vynex Indian Cities Geodata"
"Gujarat","","Modasa","","","","Existing IRTMS India city catalog"
"Andhra Pradesh","","Rayadurg","","","","Existing IRTMS India city catalog"
"Bihar","","Supaul","","","","Existing IRTMS India city catalog"
"Kerala","","Kunnamkulam","","","","Existing IRTMS India city catalog"
"Maharashtra","","Umred","","","","Existing IRTMS India city catalog"
"Telangana","","Bellampalle","","","","Existing IRTMS India city catalog"
"Assam","","Sibsagar","","","","Existing IRTMS India city catalog"
"Haryana","","Mandi Dabwali","","","","Existing IRTMS India city catalog"
"Kerala","","Ottappalam","","","","Existing IRTMS India city catalog"
"Bihar","","Dumraon","","","","Existing IRTMS India city catalog"
"Andhra Pradesh","","Samalkot","","","","Existing IRTMS India city catalog"
"Andhra Pradesh","","Jaggaiahpet","","","","Existing IRTMS India city catalog"
"Assam","","Goalpara","","","","Existing IRTMS India city catalog"
"Andhra Pradesh","","Tuni","","","","Existing IRTMS India city catalog"
"Rajasthan","","Lachhmangarh","","","","Existing IRTMS India city catalog"
"Telangana","","Bhongir","","","","Existing IRTMS India city catalog"
"Andhra Pradesh","","Amalapuram","","","","Existing IRTMS India city catalog"
"Punjab","","Firozpur Cantt.","","","","Existing IRTMS India city catalog"
"Telangana","","Vikarabad","","","","Existing IRTMS India city catalog"
"Kerala","","Thiruvalla","","","","Existing IRTMS India city catalog"
"Uttar Pradesh","","Sherkot","","","","Existing IRTMS India city catalog"
"Maharashtra","","Palghar","","","","Existing IRTMS India city catalog"
"Maharashtra","","Shegaon","","","","Existing IRTMS India city catalog"
"Telangana","","Jangaon","","","","Existing IRTMS India city catalog"
"Andhra Pradesh","","Bheemunipatnam","","","","Existing IRTMS India city catalog"
"Madhya Pradesh","","Panna","","","","Existing IRTMS India city catalog"
"Kerala","","Thodupuzha","","","","Existing IRTMS India city catalog"
"Jammu and Kashmir","","KathUrban Agglomeration","","","","Existing IRTMS India city catalog"
"Gujarat","","Palitana","","","","Existing IRTMS India city catalog"
"Bihar","","Arwal","","","","Existing IRTMS India city catalog"
"Andhra Pradesh","","Venkatagiri","","","","Existing IRTMS India city catalog"
"Uttar Pradesh","","Kalpi","","","","Existing IRTMS India city catalog"
"Rajasthan","","Rajgarh (Churu)","","","","Existing IRTMS India city catalog"
"Andhra Pradesh","","Sattenapalle","","","","Existing IRTMS India city catalog"
"Karnataka","","Arsikere","","","","Existing IRTMS India city catalog"
"Maharashtra","","Ozar","","","","Existing IRTMS India city catalog"
"Tamil Nadu","","Thirumangalam","","","","Existing IRTMS India city catalog"
"Gujarat","","Petlad","","","","Existing IRTMS India city catalog"
"Rajasthan","","Nasirabad","","","","Existing IRTMS India city catalog"
"Maharashtra","","Phaltan","","","","Existing IRTMS India city catalog"
"West Bengal","","Rampurhat","","","","Existing IRTMS India city catalog"
"Karnataka","","Nanjangud","","","","Existing IRTMS India city catalog"
"Bihar","","Forbesganj","","","","Existing IRTMS India city catalog"
"Uttar Pradesh","","Tundla","","","","Existing IRTMS India city catalog"
"Bihar","","BhabUrban Agglomeration","","","","Existing IRTMS India city catalog"
"Karnataka","","Sagara","","","","Existing IRTMS India city catalog"
"Andhra Pradesh","","Pithapuram","","","","Existing IRTMS India city catalog"
"Karnataka","","Sira","","","","Existing IRTMS India city catalog"
"Telangana","","Bhadrachalam","","","","Existing IRTMS India city catalog"
"Haryana","","Charkhi Dadri","","","","Existing IRTMS India city catalog"
"Jharkhand","","Chatra","","","","Existing IRTMS India city catalog"
"Andhra Pradesh","","Palasa Kasibugga","","","","Existing IRTMS India city catalog"
"Rajasthan","","Nohar","","","","Existing IRTMS India city catalog"
"Maharashtra","","Yevla","","","","Existing IRTMS India city catalog"
"Punjab","","Sirhind Fatehgarh Sahib","","","","Existing IRTMS India city catalog"
"Telangana","","Bhainsa","","","","Existing IRTMS India city catalog"
"Andhra Pradesh","","Parvathipuram","","","","Existing IRTMS India city catalog"
"Maharashtra","","Shahade","","","","Existing IRTMS India city catalog"
"Kerala","","Chalakudy","","","","Existing IRTMS India city catalog"
"Bihar","","Narkatiaganj","","","","Existing IRTMS India city catalog"
"Gujarat","","Kapadvanj","","","","Existing IRTMS India city catalog"
"Andhra Pradesh","","Macherla","","","","Existing IRTMS India city catalog"
"Madhya Pradesh","","Raghogarh-Vijaypur","","","","Existing IRTMS India city catalog"
"Punjab","","Rupnagar","","","","Existing IRTMS India city catalog"
"Bihar","","Naugachhia","","","","Existing IRTMS India city catalog"
"Madhya Pradesh","","Sendhwa","","","","Existing IRTMS India city catalog"
"Odisha","","Byasanagar","","","","Existing IRTMS India city catalog"
"Uttar Pradesh","","Sandila","","","","Existing IRTMS India city catalog"
"Andhra Pradesh","","Gooty","","","","Existing IRTMS India city catalog"
"Andhra Pradesh","","Salur","","","","Existing IRTMS India city catalog"
"Uttar Pradesh","","Nanpara","","","","Existing IRTMS India city catalog"
"Uttar Pradesh","","Sardhana","","","","Existing IRTMS India city catalog"
"Maharashtra","","Vita","","","","Existing IRTMS India city catalog"
"Jharkhand","","Gumia","","","","Existing IRTMS India city catalog"
"Karnataka","","Puttur","","","","Existing IRTMS India city catalog"
"Punjab","","Jalandhar Cantt.","","","","Existing IRTMS India city catalog"
"Uttar Pradesh","","Nehtaur","","","","Existing IRTMS India city catalog"
"Kerala","","Changanassery","","","","Existing IRTMS India city catalog"
"Andhra Pradesh","","Mandapeta","","","","Existing IRTMS India city catalog"
"Jharkhand","","Dumka","","","","Existing IRTMS India city catalog"
"Uttar Pradesh","","Seohara","","","","Existing IRTMS India city catalog"
"Maharashtra","","Umarkhed","","","","Existing IRTMS India city catalog"
"Jharkhand","","Madhupur","","","","Existing IRTMS India city catalog"
"Tamil Nadu","","Vikramasingapuram","","","","Existing IRTMS India city catalog"
"Kerala","","Punalur","","","","Existing IRTMS India city catalog"
"Odisha","","Kendrapara","","","","Existing IRTMS India city catalog"
"Gujarat","","Sihor","","","","Existing IRTMS India city catalog"
"Tamil Nadu","","Nellikuppam","","","","Existing IRTMS India city catalog"
"Punjab","","Samana","","","","Existing IRTMS India city catalog"
"Maharashtra","","Warora","","","","Existing IRTMS India city catalog"
"Kerala","","Nilambur","","","","Existing IRTMS India city catalog"
"Tamil Nadu","","Rasipuram","","","","Existing IRTMS India city catalog"
"Uttarakhand","","Ramnagar","","","","Existing IRTMS India city catalog"
"Andhra Pradesh","","Jammalamadugu","","","","Existing IRTMS India city catalog"
"Punjab","","Nawanshahr","","","","Existing IRTMS India city catalog"
"Manipur","","Thoubal","","","","Existing IRTMS India city catalog"
"Karnataka","","Athni","","","","Existing IRTMS India city catalog"
"Kerala","","Cherthala","","","","Existing IRTMS India city catalog"
"Madhya Pradesh","","Sidhi","","","","Existing IRTMS India city catalog"
"Telangana","","Farooqnagar","","","","Existing IRTMS India city catalog"
"Andhra Pradesh","","Peddapuram","","","","Existing IRTMS India city catalog"
"Jharkhand","Dhanbad","Chirkunda","23.747887","86.7868768","118822","Vynex Indian Cities Geodata"
"Maharashtra","","Pachora","","","","Existing IRTMS India city catalog"
"Bihar","","Madhepura","","","","Existing IRTMS India city catalog"
"Uttarakhand","","Pithoragarh","","","","Existing IRTMS India city catalog"
"Maharashtra","","Tumsar","","","","Existing IRTMS India city catalog"
"Rajasthan","","Phalodi","","","","Existing IRTMS India city catalog"
"Tamil Nadu","","Tiruttani","","","","Existing IRTMS India city catalog"
"Punjab","","Rampura Phul","","","","Existing IRTMS India city catalog"
"Kerala","","Perinthalmanna","","","","Existing IRTMS India city catalog"
"Uttar Pradesh","","Padrauna","","","","Existing IRTMS India city catalog"
"Madhya Pradesh","","Pipariya","","","","Existing IRTMS India city catalog"
"Chhattisgarh","","Dalli-Rajhara","","","","Existing IRTMS India city catalog"
"Andhra Pradesh","","Punganur","","","","Existing IRTMS India city catalog"
"Kerala","","Mattannur","","","","Existing IRTMS India city catalog"
"Uttar Pradesh","Mathura","Mathura","27.4924134","77.673673","454937","Vynex Indian Cities Geodata"
"Uttar Pradesh","","Thakurdwara","","","","Existing IRTMS India city catalog"
"Tamil Nadu","","Nandivaram-Guduvancheri","","","","Existing IRTMS India city catalog"
"Karnataka","","Mulbagal","","","","Existing IRTMS India city catalog"
"Maharashtra","","Manjlegaon","","","","Existing IRTMS India city catalog"
"Gujarat","","Wankaner","","","","Existing IRTMS India city catalog"
"Maharashtra","","Sillod","","","","Existing IRTMS India city catalog"
"Andhra Pradesh","","Nidadavole","","","","Existing IRTMS India city catalog"
"Karnataka","","Surapura","","","","Existing IRTMS India city catalog"
"Odisha","","Rajagangapur","","","","Existing IRTMS India city catalog"
"Bihar","","Sheikhpura","","","","Existing IRTMS India city catalog"
"Odisha","","Parlakhemundi","","","","Existing IRTMS India city catalog"
"West Bengal","","Kalimpong","","","","Existing IRTMS India city catalog"
"Karnataka","","Siruguppa","","","","Existing IRTMS India city catalog"
"Maharashtra","","Arvi","","","","Existing IRTMS India city catalog"
"Gujarat","","Limbdi","","","","Existing IRTMS India city catalog"
"Assam","","Barpeta","","","","Existing IRTMS India city catalog"
"Uttarakhand","","Manglaur","","","","Existing IRTMS India city catalog"
"Andhra Pradesh","","Repalle","","","","Existing IRTMS India city catalog"
"Karnataka","","Mudhol","","","","Existing IRTMS India city catalog"
"Madhya Pradesh","","Shujalpur","","","","Existing IRTMS India city catalog"
"Gujarat","","Mandvi","","","","Existing IRTMS India city catalog"
"Gujarat","","Thangadh","","","","Existing IRTMS India city catalog"
"Madhya Pradesh","","Sironj","","","","Existing IRTMS India city catalog"
"Maharashtra","","Nandura","","","","Existing IRTMS India city catalog"
"Kerala","","Shoranur","","","","Existing IRTMS India city catalog"
"Rajasthan","","Nathdwara","","","","Existing IRTMS India city catalog"
"Tamil Nadu","","Periyakulam","","","","Existing IRTMS India city catalog"
"Bihar","","Sultanganj","","","","Existing IRTMS India city catalog"
"Telangana","","Medak","","","","Existing IRTMS India city catalog"
"Telangana","","Narayanpet","","","","Existing IRTMS India city catalog"
"Bihar","","Raxaul Bazar","","","","Existing IRTMS India city catalog"
"Jammu and Kashmir","","Rajauri","","","","Existing IRTMS India city catalog"
"Tamil Nadu","","Pernampattu","","","","Existing IRTMS India city catalog"
"Uttarakhand","","Nainital","","","","Existing IRTMS India city catalog"
"Andhra Pradesh","","Ramachandrapuram","","","","Existing IRTMS India city catalog"
"Maharashtra","","Vaijapur","","","","Existing IRTMS India city catalog"
"Punjab","","Nangal","","","","Existing IRTMS India city catalog"
"Karnataka","","Sidlaghatta","","","","Existing IRTMS India city catalog"
"Jammu and Kashmir","","Punch","","","","Existing IRTMS India city catalog"
"Madhya Pradesh","","Pandhurna","","","","Existing IRTMS India city catalog"
"Maharashtra","","Wadgaon Road","","","","Existing IRTMS India city catalog"
"Odisha","","Talcher","","","","Existing IRTMS India city catalog"
"Kerala","","Varkala","","","","Existing IRTMS India city catalog"
"Rajasthan","","Pilani","","","","Existing IRTMS India city catalog"
"Madhya Pradesh","","Nowgong","","","","Existing IRTMS India city catalog"
"Chhattisgarh","","Naila Janjgir","","","","Existing IRTMS India city catalog"
"Goa","","Mapusa","","","","Existing IRTMS India city catalog"
"Tamil Nadu","","Vellakoil","","","","Existing IRTMS India city catalog"
"Rajasthan","","Merta City","","","","Existing IRTMS India city catalog"
"Tamil Nadu","","Sivaganga","","","","Existing IRTMS India city catalog"
"Madhya Pradesh","","Mandideep","","","","Existing IRTMS India city catalog"
"Maharashtra","","Sailu","","","","Existing IRTMS India city catalog"
"Gujarat","","Vyara","","","","Existing IRTMS India city catalog"
"Andhra Pradesh","","Kovvur","","","","Existing IRTMS India city catalog"
"Tamil Nadu","","Vadalur","","","","Existing IRTMS India city catalog"
"Uttar Pradesh","","Nawabganj","","","","Existing IRTMS India city catalog"
"Gujarat","","Padra","","","","Existing IRTMS India city catalog"
"West Bengal","","Sainthia","","","","Existing IRTMS India city catalog"
"Uttar Pradesh","","Siana","","","","Existing IRTMS India city catalog"
"Karnataka","","Shahpur","","","","Existing IRTMS India city catalog"
"Rajasthan","","Sojat","","","","Existing IRTMS India city catalog"
"Uttar Pradesh","","Noorpur","","","","Existing IRTMS India city catalog"
"Kerala","","Paravoor","","","","Existing IRTMS India city catalog"
"Maharashtra","","Murtijapur","","","","Existing IRTMS India city catalog"
"Bihar","","Ramnagar","","","","Existing IRTMS India city catalog"
"Odisha","","Sundargarh","","","","Existing IRTMS India city catalog"
"West Bengal","","Taki","","","","Existing IRTMS India city catalog"
"Karnataka","","Saundatti-Yellamma","","","","Existing IRTMS India city catalog"
"Kerala","","Pathanamthitta","","","","Existing IRTMS India city catalog"
"Karnataka","","Wadi","","","","Existing IRTMS India city catalog"
"Tamil Nadu","","Rameshwaram","","","","Existing IRTMS India city catalog"
"Maharashtra","","Tasgaon","","","","Existing IRTMS India city catalog"
"Uttar Pradesh","","Sikandra Rao","","","","Existing IRTMS India city catalog"
"Madhya Pradesh","","Sihora","","","","Existing IRTMS India city catalog"
"Tamil Nadu","","Tiruvethipuram","","","","Existing IRTMS India city catalog"
"Andhra Pradesh","","Tiruvuru","","","","Existing IRTMS India city catalog"
"Maharashtra","","Mehkar","","","","Existing IRTMS India city catalog"
"Kerala","","Peringathur","","","","Existing IRTMS India city catalog"
"Tamil Nadu","","Perambalur","","","","Existing IRTMS India city catalog"
"Karnataka","","Manvi","","","","Existing IRTMS India city catalog"
"Nagaland","","Zunheboto","","","","Existing IRTMS India city catalog"
"Bihar","","Mahnar Bazar","","","","Existing IRTMS India city catalog"
"Kerala","","Attingal","","","","Existing IRTMS India city catalog"
"Haryana","","Shahbad","","","","Existing IRTMS India city catalog"
"Uttar Pradesh","","Puranpur","","","","Existing IRTMS India city catalog"
"Karnataka","","Nelamangala","","","","Existing IRTMS India city catalog"
"Punjab","","Nakodar","","","","Existing IRTMS India city catalog"
"Gujarat","","Lunawada","","","","Existing IRTMS India city catalog"
"West Bengal","","Murshidabad","","","","Existing IRTMS India city catalog"
"Puducherry","","Mahe","","","","Existing IRTMS India city catalog"
"Assam","","Lanka","","","","Existing IRTMS India city catalog"
"Uttar Pradesh","","Rudauli","","","","Existing IRTMS India city catalog"
"Nagaland","","Tuensang","","","","Existing IRTMS India city catalog"
"Karnataka","","Lakshmeshwar","","","","Existing IRTMS India city catalog"
"Punjab","","Zira","","","","Existing IRTMS India city catalog"
"Maharashtra","","Yawal","","","","Existing IRTMS India city catalog"
"Uttar Pradesh","","Thana Bhawan","","","","Existing IRTMS India city catalog"
"Karnataka","","Ramdurg","","","","Existing IRTMS India city catalog"
"Maharashtra","","Pulgaon","","","","Existing IRTMS India city catalog"
"Telangana","","Sadasivpet","","","","Existing IRTMS India city catalog"
"Karnataka","","Nargund","","","","Existing IRTMS India city catalog"
"Rajasthan","","Neem-Ka-Thana","","","","Existing IRTMS India city catalog"
"West Bengal","","Memari","","","","Existing IRTMS India city catalog"
"Maharashtra","","Nilanga","","","","Existing IRTMS India city catalog"
"Arunachal Pradesh","","Naharlagun","","","","Existing IRTMS India city catalog"
"Jharkhand","","Pakaur","","","","Existing IRTMS India city catalog"
"Maharashtra","","Wai","","","","Existing IRTMS India city catalog"
"Karnataka","","Tarikere","","","","Existing IRTMS India city catalog"
"Karnataka","","Malavalli","","","","Existing IRTMS India city catalog"
"Madhya Pradesh","","Raisen","","","","Existing IRTMS India city catalog"
"Madhya Pradesh","","Lahar","","","","Existing IRTMS India city catalog"
"Andhra Pradesh","","Uravakonda","","","","Existing IRTMS India city catalog"
"Karnataka","","Savanur","","","","Existing IRTMS India city catalog"
"Rajasthan","","Sirohi","","","","Existing IRTMS India city catalog"
"Jammu and Kashmir","","Udhampur","","","","Existing IRTMS India city catalog"
"Maharashtra","","Umarga","","","","Existing IRTMS India city catalog"
"Rajasthan","","Pratapgarh","","","","Existing IRTMS India city catalog"
"Karnataka","","Lingsugur","","","","Existing IRTMS India city catalog"
"Tamil Nadu","","Usilampatti","","","","Existing IRTMS India city catalog"
"Uttar Pradesh","","Palia Kalan","","","","Existing IRTMS India city catalog"
"Nagaland","","Wokha","","","","Existing IRTMS India city catalog"
"Gujarat","","Rajpipla","","","","Existing IRTMS India city catalog"
"Karnataka","","Vijayapura","","","","Existing IRTMS India city catalog"
"Rajasthan","","Rawatbhata","","","","Existing IRTMS India city catalog"
"Rajasthan","","Sangaria","","","","Existing IRTMS India city catalog"
"Maharashtra","","Paithan","","","","Existing IRTMS India city catalog"
"Maharashtra","","Rahuri","","","","Existing IRTMS India city catalog"
"Punjab","","Patti","","","","Existing IRTMS India city catalog"
"Uttar Pradesh","","Zaidpur","","","","Existing IRTMS India city catalog"
"Rajasthan","","Lalsot","","","","Existing IRTMS India city catalog"
"Madhya Pradesh","","Maihar","","","","Existing IRTMS India city catalog"
"Tamil Nadu","","Vedaranyam","","","","Existing IRTMS India city catalog"
"Maharashtra","","Nawapur","","","","Existing IRTMS India city catalog"
"Himachal Pradesh","","Solan","","","","Existing IRTMS India city catalog"
"Madhya Pradesh","","Sanawad","","","","Existing IRTMS India city catalog"
"Bihar","","Warisaliganj","","","","Existing IRTMS India city catalog"
"Bihar","","Revelganj","","","","Existing IRTMS India city catalog"
"Madhya Pradesh","","Sabalgarh","","","","Existing IRTMS India city catalog"
"Maharashtra","","Tuljapur","","","","Existing IRTMS India city catalog"
"Jharkhand","","Simdega","","","","Existing IRTMS India city catalog"
"Jharkhand","","Musabani","","","","Existing IRTMS India city catalog"
"Kerala","","Kodungallur","","","","Existing IRTMS India city catalog"
"Odisha","","Phulabani","","","","Existing IRTMS India city catalog"
"Gujarat","","Umreth","","","","Existing IRTMS India city catalog"
"Andhra Pradesh","","Narsipatnam","","","","Existing IRTMS India city catalog"
"Uttar Pradesh","","Nautanwa","","","","Existing IRTMS India city catalog"
"Bihar","","Rajgir","","","","Existing IRTMS India city catalog"
"Telangana","","Yellandu","","","","Existing IRTMS India city catalog"
"Tamil Nadu","","Sathyamangalam","","","","Existing IRTMS India city catalog"
"Rajasthan","","Pilibanga","","","","Existing IRTMS India city catalog"
"Maharashtra","","Morshi","","","","Existing IRTMS India city catalog"
"Haryana","","Pehowa","","","","Existing IRTMS India city catalog"
"Bihar","","Sonepur","","","","Existing IRTMS India city catalog"
"Kerala","","Pappinisseri","","","","Existing IRTMS India city catalog"
"Uttar Pradesh","","Zamania","","","","Existing IRTMS India city catalog"
"Jharkhand","","Mihijam","","","","Existing IRTMS India city catalog"
"Maharashtra","","Purna","","","","Existing IRTMS India city catalog"
"Tamil Nadu","","Puliyankudi","","","","Existing IRTMS India city catalog"
"Uttar Pradesh","","Shikarpur, Bulandshahr","","","","Existing IRTMS India city catalog"
"Madhya Pradesh","","Umaria","","","","Existing IRTMS India city catalog"
"Madhya Pradesh","","Porsa","","","","Existing IRTMS India city catalog"
"Uttar Pradesh","","Naugawan Sadat","","","","Existing IRTMS India city catalog"
"Uttar Pradesh","","Fatehpur Sikri","","","","Existing IRTMS India city catalog"
"Telangana","","Manuguru","","","","Existing IRTMS India city catalog"
"Tripura","","Udaipur","","","","Existing IRTMS India city catalog"
"Rajasthan","","Pipar City","","","","Existing IRTMS India city catalog"
"Odisha","","Pattamundai","","","","Existing IRTMS India city catalog"
"Tamil Nadu","","Nanjikottai","","","","Existing IRTMS India city catalog"
"Rajasthan","","Taranagar","","","","Existing IRTMS India city catalog"
"Andhra Pradesh","","Yerraguntla","","","","Existing IRTMS India city catalog"
"Maharashtra","","Satana","","","","Existing IRTMS India city catalog"
"Bihar","","Sherghati","","","","Existing IRTMS India city catalog"
"Karnataka","","Sankeshwara","","","","Existing IRTMS India city catalog"
"Karnataka","","Madikeri","","","","Existing IRTMS India city catalog"
"Tamil Nadu","","Thuraiyur","","","","Existing IRTMS India city catalog"
"Gujarat","","Sanand","","","","Existing IRTMS India city catalog"
"Gujarat","","Rajula","","","","Existing IRTMS India city catalog"
"Telangana","","Kyathampalle","","","","Existing IRTMS India city catalog"
"Uttar Pradesh","","Shahabad, Rampur","","","","Existing IRTMS India city catalog"
"Chhattisgarh","","Tilda Newra","","","","Existing IRTMS India city catalog"
"Madhya Pradesh","","Narsinghgarh","","","","Existing IRTMS India city catalog"
"Kerala","","Chittur-Thathamangalam","","","","Existing IRTMS India city catalog"
"Madhya Pradesh","","Malaj Khand","","","","Existing IRTMS India city catalog"
"Madhya Pradesh","","Sarangpur","","","","Existing IRTMS India city catalog"
"Uttar Pradesh","","Robertsganj","","","","Existing IRTMS India city catalog"
"Tamil Nadu","","Sirkali","","","","Existing IRTMS India city catalog"
"Gujarat","","Radhanpur","","","","Existing IRTMS India city catalog"
"Tamil Nadu","","Tiruchendur","","","","Existing IRTMS India city catalog"
"Uttar Pradesh","","Utraula","","","","Existing IRTMS India city catalog"
"Jharkhand","","Patratu","","","","Existing IRTMS India city catalog"
"Rajasthan","","Vijainagar, Ajmer","","","","Existing IRTMS India city catalog"
"Tamil Nadu","","Periyasemur","","","","Existing IRTMS India city catalog"
"Maharashtra","","Pathri","","","","Existing IRTMS India city catalog"
"Uttar Pradesh","","Sadabad","","","","Existing IRTMS India city catalog"
"Karnataka","","Talikota","","","","Existing IRTMS India city catalog"
"Maharashtra","","Sinnar","","","","Existing IRTMS India city catalog"
"Chhattisgarh","","Mungeli","","","","Existing IRTMS India city catalog"
"Karnataka","","Sedam","","","","Existing IRTMS India city catalog"
"Karnataka","","Shikaripur","","","","Existing IRTMS India city catalog"
"Rajasthan","","Sumerpur","","","","Existing IRTMS India city catalog"
"Tamil Nadu","","Sattur","","","","Existing IRTMS India city catalog"
"Bihar","","Sugauli","","","","Existing IRTMS India city catalog"
"Assam","","Lumding","","","","Existing IRTMS India city catalog"
"Tamil Nadu","","Vandavasi","","","","Existing IRTMS India city catalog"
"Odisha","","Titlagarh","","","","Existing IRTMS India city catalog"
"Maharashtra","","Uchgaon","","","","Existing IRTMS India city catalog"
"Nagaland","","Mokokchung","","","","Existing IRTMS India city catalog"
"West Bengal","","Paschim Punropara","","","","Existing IRTMS India city catalog"
"Rajasthan","","Sagwara","","","","Existing IRTMS India city catalog"
"Rajasthan","","Ramganj Mandi","","","","Existing IRTMS India city catalog"
"West Bengal","","Tarakeswar","","","","Existing IRTMS India city catalog"
"Karnataka","","Mahalingapura","","","","Existing IRTMS India city catalog"
"Tripura","","Dharmanagar","","","","Existing IRTMS India city catalog"
"Gujarat","","Mahemdabad","","","","Existing IRTMS India city catalog"
"Chhattisgarh","","Manendragarh","","","","Existing IRTMS India city catalog"
"Maharashtra","","Uran","","","","Existing IRTMS India city catalog"
"Tamil Nadu","","Tharamangalam","","","","Existing IRTMS India city catalog"
"Tamil Nadu","","Tirukkoyilur","","","","Existing IRTMS India city catalog"
"Maharashtra","","Pen","","","","Existing IRTMS India city catalog"
"Bihar","","Makhdumpur","","","","Existing IRTMS India city catalog"
"Bihar","","Maner","","","","Existing IRTMS India city catalog"
"Tamil Nadu","","Oddanchatram","","","","Existing IRTMS India city catalog"
"Tamil Nadu","","Palladam","","","","Existing IRTMS India city catalog"
"Madhya Pradesh","","Mundi","","","","Existing IRTMS India city catalog"
"Odisha","","Nabarangapur","","","","Existing IRTMS India city catalog"
"Karnataka","","Mudalagi","","","","Existing IRTMS India city catalog"
"Haryana","","Samalkha","","","","Existing IRTMS India city catalog"
"Madhya Pradesh","","Nepanagar","","","","Existing IRTMS India city catalog"
"Maharashtra","","Karjat","","","","Existing IRTMS India city catalog"
"Gujarat","","Ranavav","","","","Existing IRTMS India city catalog"
"Andhra Pradesh","","Pedana","","","","Existing IRTMS India city catalog"
"Haryana","","Pinjore","","","","Existing IRTMS India city catalog"
"Rajasthan","","Lakheri","","","","Existing IRTMS India city catalog"
"Madhya Pradesh","","Pasan","","","","Existing IRTMS India city catalog"
"Andhra Pradesh","","Puttur","","","","Existing IRTMS India city catalog"
"Tamil Nadu","","Vadakkuvalliyur","","","","Existing IRTMS India city catalog"
"Tamil Nadu","","Tirukalukundram","","","","Existing IRTMS India city catalog"
"Madhya Pradesh","","Mahidpur","","","","Existing IRTMS India city catalog"
"Uttarakhand","","Mussoorie","","","","Existing IRTMS India city catalog"
"Kerala","","Muvattupuzha","","","","Existing IRTMS India city catalog"
"Uttar Pradesh","","Rasra","","","","Existing IRTMS India city catalog"
"Rajasthan","","Udaipurwati","","","","Existing IRTMS India city catalog"
"Maharashtra","","Manwath","","","","Existing IRTMS India city catalog"
"Kerala","","Adoor","","","","Existing IRTMS India city catalog"
"Tamil Nadu","","Uthamapalayam","","","","Existing IRTMS India city catalog"
"Maharashtra","","Partur","","","","Existing IRTMS India city catalog"
"Himachal Pradesh","","Nahan","","","","Existing IRTMS India city catalog"
"Haryana","","Ladwa","","","","Existing IRTMS India city catalog"
"Assam","","Mankachar","","","","Existing IRTMS India city catalog"
"Meghalaya","","Nongstoin","","","","Existing IRTMS India city catalog"
"Rajasthan","","Losal","","","","Existing IRTMS India city catalog"
"Rajasthan","","Sri Madhopur","","","","Existing IRTMS India city catalog"
"Rajasthan","","Ramngarh","","","","Existing IRTMS India city catalog"
"Kerala","","Mavelikkara","","","","Existing IRTMS India city catalog"
"Rajasthan","","Rawatsar","","","","Existing IRTMS India city catalog"
"Rajasthan","","Rajakhera","","","","Existing IRTMS India city catalog"
"Uttar Pradesh","","Lar","","","","Existing IRTMS India city catalog"
"Uttar Pradesh","","Lal Gopalganj Nindaura","","","","Existing IRTMS India city catalog"
"Karnataka","","Muddebihal","","","","Existing IRTMS India city catalog"
"Uttar Pradesh","","Sirsaganj","","","","Existing IRTMS India city catalog"
"Rajasthan","","Shahpura","","","","Existing IRTMS India city catalog"
"Tamil Nadu","","Surandai","","","","Existing IRTMS India city catalog"
"Maharashtra","","Sangole","","","","Existing IRTMS India city catalog"
"Karnataka","","Pavagada","","","","Existing IRTMS India city catalog"
"Gujarat","","Tharad","","","","Existing IRTMS India city catalog"
"Gujarat","","Mansa","","","","Existing IRTMS India city catalog"
"Gujarat","","Umbergaon","","","","Existing IRTMS India city catalog"
"Kerala","","Mavoor","","","","Existing IRTMS India city catalog"
"Assam","","Nalbari","","","","Existing IRTMS India city catalog"
"Gujarat","","Talaja","","","","Existing IRTMS India city catalog"
"Karnataka","","Malur","","","","Existing IRTMS India city catalog"
"Maharashtra","","Mangrulpir","","","","Existing IRTMS India city catalog"
"Odisha","","Soro","","","","Existing IRTMS India city catalog"
"Gujarat","","Vadnagar","","","","Existing IRTMS India city catalog"
"Rajasthan","","Raisinghnagar","","","","Existing IRTMS India city catalog"
"Karnataka","","Sindhagi","","","","Existing IRTMS India city catalog"
"Karnataka","","Sanduru","","","","Existing IRTMS India city catalog"
"Haryana","","Sohna","","","","Existing IRTMS India city catalog"
"Gujarat","","Manavadar","","","","Existing IRTMS India city catalog"
"Uttar Pradesh","","Pihani","","","","Existing IRTMS India city catalog"
"Haryana","","Safidon","","","","Existing IRTMS India city catalog"
"Maharashtra","","Risod","","","","Existing IRTMS India city catalog"
"Bihar","","Rosera","","","","Existing IRTMS India city catalog"
"Tamil Nadu","","Sankari","","","","Existing IRTMS India city catalog"
"Rajasthan","","Malpura","","","","Existing IRTMS India city catalog"
"West Bengal","","Sonamukhi","","","","Existing IRTMS India city catalog"
"Uttar Pradesh","","Shamsabad, Agra","","","","Existing IRTMS India city catalog"
"Bihar","","Nokha","","","","Existing IRTMS India city catalog"
"West Bengal","","PandUrban Agglomeration","","","","Existing IRTMS India city catalog"
"West Bengal","","Mainaguri","","","","Existing IRTMS India city catalog"
"Karnataka","","Afzalpur","","","","Existing IRTMS India city catalog"
"Maharashtra","","Shirur","","","","Existing IRTMS India city catalog"
"Gujarat","","Salaya","","","","Existing IRTMS India city catalog"
"Tamil Nadu","","Shenkottai","","","","Existing IRTMS India city catalog"
"Tripura","","Pratapgarh","","","","Existing IRTMS India city catalog"
"Tamil Nadu","","Vadipatti","","","","Existing IRTMS India city catalog"
"Telangana","","Nagarkurnool","","","","Existing IRTMS India city catalog"
"Maharashtra","","Savner","","","","Existing IRTMS India city catalog"
"Maharashtra","","Sasvad","","","","Existing IRTMS India city catalog"
"Uttar Pradesh","","Rudrapur","","","","Existing IRTMS India city catalog"
"Uttar Pradesh","","Soron","","","","Existing IRTMS India city catalog"
"Tamil Nadu","","Sholingur","","","","Existing IRTMS India city catalog"
"Maharashtra","","Pandharkaoda","","","","Existing IRTMS India city catalog"
"Kerala","","Perumbavoor","","","","Existing IRTMS India city catalog"
"Karnataka","","Maddur","","","","Existing IRTMS India city catalog"
"Rajasthan","","Nadbai","","","","Existing IRTMS India city catalog"
"Maharashtra","","Talode","","","","Existing IRTMS India city catalog"
"Maharashtra","","Shrigonda","","","","Existing IRTMS India city catalog"
"Karnataka","","Madhugiri","","","","Existing IRTMS India city catalog"
"Karnataka","","Tekkalakote","","","","Existing IRTMS India city catalog"
"Madhya Pradesh","","Seoni-Malwa","","","","Existing IRTMS India city catalog"
"Maharashtra","","Shirdi","","","","Existing IRTMS India city catalog"
"Uttar Pradesh","","SUrban Agglomerationr","","","","Existing IRTMS India city catalog"
"Karnataka","","Terdal","","","","Existing IRTMS India city catalog"
"Maharashtra","","Raver","","","","Existing IRTMS India city catalog"
"Haryana","","Taraori","","","","Existing IRTMS India city catalog"
"Maharashtra","","Mukhed","","","","Existing IRTMS India city catalog"
"Tamil Nadu","","Manachanallur","","","","Existing IRTMS India city catalog"
"Madhya Pradesh","","Rehli","","","","Existing IRTMS India city catalog"
"Rajasthan","","Sanchore","","","","Existing IRTMS India city catalog"
"Maharashtra","","Rajura","","","","Existing IRTMS India city catalog"
"Bihar","","Piro","","","","Existing IRTMS India city catalog"
"Karnataka","","Mudabidri","","","","Existing IRTMS India city catalog"
"Maharashtra","","Vadgaon Kasba","","","","Existing IRTMS India city catalog"
"Rajasthan","","Nagar","","","","Existing IRTMS India city catalog"
"Gujarat","","Vijapur","","","","Existing IRTMS India city catalog"
"Tamil Nadu","","Viswanatham","","","","Existing IRTMS India city catalog"
"Tamil Nadu","","Polur","","","","Existing IRTMS India city catalog"
"Tamil Nadu","","Panagudi","","","","Existing IRTMS India city catalog"
"Madhya Pradesh","","Manawar","","","","Existing IRTMS India city catalog"
"Uttarakhand","","Tehri","","","","Existing IRTMS India city catalog"
"Uttar Pradesh","","Samdhan","","","","Existing IRTMS India city catalog"
"Gujarat","","Pardi","","","","Existing IRTMS India city catalog"
"Madhya Pradesh","","Rahatgarh","","","","Existing IRTMS India city catalog"
"Madhya Pradesh","","Panagar","","","","Existing IRTMS India city catalog"
"Tamil Nadu","","Uthiramerur","","","","Existing IRTMS India city catalog"
"Maharashtra","","Tirora","","","","Existing IRTMS India city catalog"
"Assam","","Rangia","","","","Existing IRTMS India city catalog"
"Uttar Pradesh","","Sahjanwa","","","","Existing IRTMS India city catalog"
"Madhya Pradesh","","Wara Seoni","","","","Existing IRTMS India city catalog"
"Karnataka","","Magadi","","","","Existing IRTMS India city catalog"
"Rajasthan","","Rajgarh (Alwar)","","","","Existing IRTMS India city catalog"
"Bihar","","Rafiganj","","","","Existing IRTMS India city catalog"
"Madhya Pradesh","","Tarana","","","","Existing IRTMS India city catalog"
"Uttar Pradesh","","Rampur Maniharan","","","","Existing IRTMS India city catalog"
"Rajasthan","","Sheoganj","","","","Existing IRTMS India city catalog"
"Punjab","","Raikot","","","","Existing IRTMS India city catalog"
"Uttarakhand","","Pauri","","","","Existing IRTMS India city catalog"
"Uttar Pradesh","","Sumerpur","","","","Existing IRTMS India city catalog"
"Karnataka","","Navalgund","","","","Existing IRTMS India city catalog"
"Uttar Pradesh","","Shahganj","","","","Existing IRTMS India city catalog"
"Bihar","","Marhaura","","","","Existing IRTMS India city catalog"
"Uttar Pradesh","","Tulsipur","","","","Existing IRTMS India city catalog"
"Rajasthan","","Sadri","","","","Existing IRTMS India city catalog"
"Tamil Nadu","","Thiruthuraipoondi","","","","Existing IRTMS India city catalog"
"Karnataka","","Shiggaon","","","","Existing IRTMS India city catalog"
"Tamil Nadu","","Pallapatti","","","","Existing IRTMS India city catalog"
"Haryana","","Mahendragarh","","","","Existing IRTMS India city catalog"
"Madhya Pradesh","","Sausar","","","","Existing IRTMS India city catalog"
"Tamil Nadu","","Ponneri","","","","Existing IRTMS India city catalog"
"Maharashtra","","Mahad","","","","Existing IRTMS India city catalog"
"Jharkhand","","Lohardaga","","","","Existing IRTMS India city catalog"
"Uttar Pradesh","","Tirwaganj","","","","Existing IRTMS India city catalog"
"Assam","","Margherita","","","","Existing IRTMS India city catalog"
"Himachal Pradesh","","Sundarnagar","","","","Existing IRTMS India city catalog"
"Madhya Pradesh","","Rajgarh","","","","Existing IRTMS India city catalog"
"Assam","","Mangaldoi","","","","Existing IRTMS India city catalog"
"Andhra Pradesh","","Renigunta","","","","Existing IRTMS India city catalog"
"Punjab","","Longowal","","","","Existing IRTMS India city catalog"
"Haryana","","Ratia","","","","Existing IRTMS India city catalog"
"Tamil Nadu","","Lalgudi","","","","Existing IRTMS India city catalog"
"Karnataka","","Shrirangapattana","","","","Existing IRTMS India city catalog"
"Madhya Pradesh","","Niwari","","","","Existing IRTMS India city catalog"
"Tamil Nadu","","Natham","","","","Existing IRTMS India city catalog"
"Tamil Nadu","","Unnamalaikadai","","","","Existing IRTMS India city catalog"
"Uttar Pradesh","","PurqUrban Agglomerationzi","","","","Existing IRTMS India city catalog"
"Uttar Pradesh","","Shamsabad, Farrukhabad","","","","Existing IRTMS India city catalog"
"Bihar","","Mirganj","","","","Existing IRTMS India city catalog"
"Rajasthan","","Todaraisingh","","","","Existing IRTMS India city catalog"
"Uttar Pradesh","","Warhapur","","","","Existing IRTMS India city catalog"
"Andhra Pradesh","","Rajam","","","","Existing IRTMS India city catalog"
"Punjab","","Urmar Tanda","","","","Existing IRTMS India city catalog"
"Maharashtra","","Lonar","","","","Existing IRTMS India city catalog"
"Uttar Pradesh","","Powayan","","","","Existing IRTMS India city catalog"
"Tamil Nadu","","P.N.Patti","","","","Existing IRTMS India city catalog"
"Himachal Pradesh","","Palampur","","","","Existing IRTMS India city catalog"
"Andhra Pradesh","","Srisailam Project (Right Flank Colony) Township","","","","Existing IRTMS India city catalog"
"Karnataka","","Sindagi","","","","Existing IRTMS India city catalog"
"Uttar Pradesh","","Sandi","","","","Existing IRTMS India city catalog"
"Kerala","","Vaikom","","","","Existing IRTMS India city catalog"
"West Bengal","Malda","Malda","25.0108408","88.1410967","324237","Vynex Indian Cities Geodata"
"Tamil Nadu","","Tharangambadi","","","","Existing IRTMS India city catalog"
"Karnataka","","Sakaleshapura","","","","Existing IRTMS India city catalog"
"Bihar","","Lalganj","","","","Existing IRTMS India city catalog"
"Odisha","","Malkangiri","","","","Existing IRTMS India city catalog"
"Gujarat","","Rapar","","","","Existing IRTMS India city catalog"
"Madhya Pradesh","","Mauganj","","","","Existing IRTMS India city catalog"
"Rajasthan","","Todabhim","","","","Existing IRTMS India city catalog"
"Karnataka","","Srinivaspur","","","","Existing IRTMS India city catalog"
"Bihar","","Murliganj","","","","Existing IRTMS India city catalog"
"Rajasthan","","Reengus","","","","Existing IRTMS India city catalog"
"Maharashtra","","Sawantwadi","","","","Existing IRTMS India city catalog"
"Tamil Nadu","","Tittakudi","","","","Existing IRTMS India city catalog"
"Manipur","","Lilong","","","","Existing IRTMS India city catalog"
"Rajasthan","","Rajaldesar","","","","Existing IRTMS India city catalog"
"Maharashtra","","Pathardi","","","","Existing IRTMS India city catalog"
"Uttar Pradesh","","Achhnera","","","","Existing IRTMS India city catalog"
"Tamil Nadu","","Pacode","","","","Existing IRTMS India city catalog"
"Uttar Pradesh","","Naraura","","","","Existing IRTMS India city catalog"
"Uttar Pradesh","","Nakur","","","","Existing IRTMS India city catalog"
"Kerala","","Palai","","","","Existing IRTMS India city catalog"
"Punjab","","Morinda, India","","","","Existing IRTMS India city catalog"
"Madhya Pradesh","","Manasa","","","","Existing IRTMS India city catalog"
"Madhya Pradesh","","Nainpur","","","","Existing IRTMS India city catalog"
"Uttar Pradesh","","Sahaspur","","","","Existing IRTMS India city catalog"
"Maharashtra","","Pauni","","","","Existing IRTMS India city catalog"
"Madhya Pradesh","","Prithvipur","","","","Existing IRTMS India city catalog"
"Maharashtra","","Ramtek","","","","Existing IRTMS India city catalog"
"Assam","","Silapathar","","","","Existing IRTMS India city catalog"
"Gujarat","","Songadh","","","","Existing IRTMS India city catalog"
"Uttar Pradesh","","Safipur","","","","Existing IRTMS India city catalog"
"Madhya Pradesh","","Sohagpur","","","","Existing IRTMS India city catalog"
"Maharashtra","","Mul","","","","Existing IRTMS India city catalog"
"Rajasthan","","Sadulshahar","","","","Existing IRTMS India city catalog"
"Punjab","","Phillaur","","","","Existing IRTMS India city catalog"
"Rajasthan","","Sambhar","","","","Existing IRTMS India city catalog"
"Rajasthan","","Prantij","","","","Existing IRTMS India city catalog"
"Uttarakhand","","Nagla","","","","Existing IRTMS India city catalog"
"Punjab","","Pattran","","","","Existing IRTMS India city catalog"
"Rajasthan","","Mount Abu","","","","Existing IRTMS India city catalog"
"Uttar Pradesh","","Reoti","","","","Existing IRTMS India city catalog"
"Jharkhand","","Tenu dam-cum-Kathhara","","","","Existing IRTMS India city catalog"
"West Bengal","","Panchla","","","","Existing IRTMS India city catalog"
"Uttarakhand","","Sitarganj","","","","Existing IRTMS India city catalog"
"Arunachal Pradesh","","Pasighat","","","","Existing IRTMS India city catalog"
"Bihar","","Motipur","","","","Existing IRTMS India city catalog"
"Tamil Nadu","","O' Valley","","","","Existing IRTMS India city catalog"
"West Bengal","","Raghunathpur","","","","Existing IRTMS India city catalog"
"Tamil Nadu","","Suriyampalayam","","","","Existing IRTMS India city catalog"
"Punjab","","Qadian","","","","Existing IRTMS India city catalog"
"Odisha","","Rairangpur","","","","Existing IRTMS India city catalog"
"Dadra and Nagar Haveli","","Silvassa","","","","Existing IRTMS India city catalog"
"Madhya Pradesh","","Nowrozabad (Khodargama)","","","","Existing IRTMS India city catalog"
"Rajasthan","","Mangrol","","","","Existing IRTMS India city catalog"
"Maharashtra","","Soyagaon","","","","Existing IRTMS India city catalog"
"Punjab","","Sujanpur","","","","Existing IRTMS India city catalog"
"Bihar","","Manihari","","","","Existing IRTMS India city catalog"
"Uttar Pradesh","","Sikanderpur","","","","Existing IRTMS India city catalog"
"Maharashtra","","Mangalvedhe","","","","Existing IRTMS India city catalog"
"Rajasthan","","Phulera","","","","Existing IRTMS India city catalog"
"Karnataka","","Ron","","","","Existing IRTMS India city catalog"
"Tamil Nadu","","Sholavandan","","","","Existing IRTMS India city catalog"
"Uttar Pradesh","","Saidpur","","","","Existing IRTMS India city catalog"
"Madhya Pradesh","","Shamgarh","","","","Existing IRTMS India city catalog"
"Tamil Nadu","","Thammampatti","","","","Existing IRTMS India city catalog"
"Madhya Pradesh","","Maharajpur","","","","Existing IRTMS India city catalog"
"Madhya Pradesh","","Multai","","","","Existing IRTMS India city catalog"
"Punjab","","Mukerian","","","","Existing IRTMS India city catalog"
"Uttar Pradesh","","Sirsi","","","","Existing IRTMS India city catalog"
"Uttar Pradesh","","Purwa","","","","Existing IRTMS India city catalog"
"Bihar","","Sheohar","","","","Existing IRTMS India city catalog"
"Tamil Nadu","","Namagiripettai","","","","Existing IRTMS India city catalog"
"Uttar Pradesh","","Parasi","","","","Existing IRTMS India city catalog"
"Gujarat","","Lathi","","","","Existing IRTMS India city catalog"
"Uttar Pradesh","","Lalganj","","","","Existing IRTMS India city catalog"
"Maharashtra","","Narkhed","","","","Existing IRTMS India city catalog"
"West Bengal","","Mathabhanga","","","","Existing IRTMS India city catalog"
"Maharashtra","","Shendurjana","","","","Existing IRTMS India city catalog"
"Tamil Nadu","","Peravurani","","","","Existing IRTMS India city catalog"
"Assam","","Mariani","","","","Existing IRTMS India city catalog"
"Uttar Pradesh","","Phulpur","","","","Existing IRTMS India city catalog"
"Haryana","","Rania","","","","Existing IRTMS India city catalog"
"Madhya Pradesh","","Pali","","","","Existing IRTMS India city catalog"
"Madhya Pradesh","","Pachore","","","","Existing IRTMS India city catalog"
"Tamil Nadu","","Parangipettai","","","","Existing IRTMS India city catalog"
"Tamil Nadu","","Pudupattinam","","","","Existing IRTMS India city catalog"
"Kerala","","Panniyannur","","","","Existing IRTMS India city catalog"
"Bihar","","Maharajganj","","","","Existing IRTMS India city catalog"
"Madhya Pradesh","","Rau","","","","Existing IRTMS India city catalog"
"West Bengal","","Monoharpur","","","","Existing IRTMS India city catalog"
"Rajasthan","","Mandawa","","","","Existing IRTMS India city catalog"
"Assam","","Marigaon","","","","Existing IRTMS India city catalog"
"Tamil Nadu","","Pallikonda","","","","Existing IRTMS India city catalog"
"Rajasthan","","Pindwara","","","","Existing IRTMS India city catalog"
"Uttar Pradesh","","Shishgarh","","","","Existing IRTMS India city catalog"
"Maharashtra","","Patur","","","","Existing IRTMS India city catalog"
"Manipur","","Mayang Imphal","","","","Existing IRTMS India city catalog"
"Madhya Pradesh","","Mhowgaon","","","","Existing IRTMS India city catalog"
"Kerala","","Guruvayoor","","","","Existing IRTMS India city catalog"
"Maharashtra","","Mhaswad","","","","Existing IRTMS India city catalog"
"Uttar Pradesh","","Sahawar","","","","Existing IRTMS India city catalog"
"Tamil Nadu","","Sivagiri","","","","Existing IRTMS India city catalog"
"Karnataka","","Mundargi","","","","Existing IRTMS India city catalog"
"Tamil Nadu","","Punjaipugalur","","","","Existing IRTMS India city catalog"
"Tripura","","Kailasahar","","","","Existing IRTMS India city catalog"
"Uttar Pradesh","","Samthar","","","","Existing IRTMS India city catalog"
"Chhattisgarh","","Sakti","","","","Existing IRTMS India city catalog"
"Karnataka","","Sadalagi","","","","Existing IRTMS India city catalog"
"Bihar","","Silao","","","","Existing IRTMS India city catalog"
"Rajasthan","","Mandalgarh","","","","Existing IRTMS India city catalog"
"Maharashtra","","Loha","","","","Existing IRTMS India city catalog"
"Uttar Pradesh","","Pukhrayan","","","","Existing IRTMS India city catalog"
"Tamil Nadu","","Padmanabhapuram","","","","Existing IRTMS India city catalog"
"Tripura","","Belonia","","","","Existing IRTMS India city catalog"
"Mizoram","","Saiha","","","","Existing IRTMS India city catalog"
"West Bengal","","Srirampore","","","","Existing IRTMS India city catalog"
"Punjab","","Talwara","","","","Existing IRTMS India city catalog"
"Kerala","","Puthuppally","","","","Existing IRTMS India city catalog"
"Tripura","","Khowai","","","","Existing IRTMS India city catalog"
"Madhya Pradesh","","Vijaypur","","","","Existing IRTMS India city catalog"
"Rajasthan","","Takhatgarh","","","","Existing IRTMS India city catalog"
"Tamil Nadu","","Thirupuvanam","","","","Existing IRTMS India city catalog"
"West Bengal","","Adra","","","","Existing IRTMS India city catalog"
"Karnataka","","Piriyapatna","","","","Existing IRTMS India city catalog"
"Uttar Pradesh","","Obra","","","","Existing IRTMS India city catalog"
"Gujarat","","Adalaj","","","","Existing IRTMS India city catalog"
"Maharashtra","","Nandgaon","","","","Existing IRTMS India city catalog"
"Bihar","","Barh","","","","Existing IRTMS India city catalog"
"Gujarat","","Chhapra","","","","Existing IRTMS India city catalog"
"Kerala","","Panamattom","","","","Existing IRTMS India city catalog"
"Uttar Pradesh","","Niwai","","","","Existing IRTMS India city catalog"
"Uttarakhand","","Bageshwar","","","","Existing IRTMS India city catalog"
"Odisha","","Tarbha","","","","Existing IRTMS India city catalog"
"Karnataka","","Adyar","","","","Existing IRTMS India city catalog"
"Maharashtra","","Warud","","","","Existing IRTMS India city catalog"
"Bihar","","Asarganj","","","","Existing IRTMS India city catalog"
"Haryana","","Sarsod","","","","Existing IRTMS India city catalog"
"Gujarat","Gandhinagar","Gandhinagar","23.2156354","72.6369415","206167","Vynex Indian Cities Geodata"
"Himachal Pradesh","","Kullu","","","","Existing IRTMS India city catalog"
"Himachal Pradesh","","Manali","","","","Existing IRTMS India city catalog"
"Uttar Pradesh","Mirzapur","Mirzapur","25.1336987","82.5644344","245817","Vynex Indian Cities Geodata"
"Rajasthan","Kota","Kota","25.2138156","75.8647527","1001365","Vynex Indian Cities Geodata"
"Assam","","Dispur","","","","Existing IRTMS India city catalog"
"Andhra Pradesh","Guntur","Amaravati","16.574517","80.359012","103000","Vynex Indian Cities Geodata"
"Andhra Pradesh","East","Rajamahendravaram","17.0005383","81.8040345","419818","Vynex Indian Cities Geodata"
"Andhra Pradesh","Anantapur","Tadipatri","14.9070274","78.0092703","108171","Vynex Indian Cities Geodata"
"Arunachal Pradesh","Papum Pare","Itanagar","27.081581","93.6027","34970","Vynex Indian Cities Geodata"
"Assam","Bongaigaon","Bongaigaon","26.5009992","90.5352356","174973","Vynex Indian Cities Geodata"
"Bihar","Nalanda","Bihar Sharif","25.1982147","85.5148735","296889","Vynex Indian Cities Geodata"
"Bihar","Rohtas","Dehri","24.9277351","84.1909841","137068","Vynex Indian Cities Geodata"
"Chhattisgarh","Raipur","Naya Raipur","21.1649932","81.7753055","560000","Vynex Indian Cities Geodata"
"Chhattisgarh","kanker","Pakhanjore","20.0399913","80.6271415","142240","Vynex Indian Cities Geodata"
"Dadra and Nagar Haveli and Daman and Diu","Daman","Daman","20.3973736","72.8327991","191173","Vynex Indian Cities Geodata"
"Dadra and Nagar Haveli and Daman and Diu","Dadra and Nagar Haveli","Silvassa","20.2762659","73.0083061","98265","Vynex Indian Cities Geodata"
"Goa","South Goa","Mormugao","15.3874352","73.8154394","97085","Vynex Indian Cities Geodata"
"Goa","South Goa","Vasco","15.3860329","73.8440398","100485","Vynex Indian Cities Geodata"
"Gujarat","Botad","Botad","22.1704232","71.6684269","130327","Vynex Indian Cities Geodata"
"Gujarat","Dahod","Dahod","22.8379314","74.2531465","118846","Vynex Indian Cities Geodata"
"Gujarat","Kutch","Gandhidham","23.075297","70.133673","247992","Vynex Indian Cities Geodata"
"Gujarat","Rajkot","Gondal","21.9619463","70.792297","112197","Vynex Indian Cities Geodata"
"Gujarat","Rajkot","Jetpur","21.761778","70.621101","118302","Vynex Indian Cities Geodata"
"Gujarat","Junagadh","Junagadh","21.522184","70.4578768","319462","Vynex Indian Cities Geodata"
"Gujarat","Gandhinagar","Kalol","23.2463895","72.5086513","113153","Vynex Indian Cities Geodata"
"Gujarat","Mehsana","Mehsana","23.5879607","72.3693252","84133","Vynex Indian Cities Geodata"
"Gujarat","Morbi","Morbi","22.8119895","70.8236195","194947","Vynex Indian Cities Geodata"
"Gujarat","Surendranagar","Surendranagar","22.7201319","71.649536","177851","Vynex Indian Cities Geodata"
"Haryana","Ambala","Ambala","30.3781788","76.7766974","407934","Vynex Indian Cities Geodata"
"Jharkhand","Hazaribag","Hazaribagh","23.9966213","85.3691068","153599","Vynex Indian Cities Geodata"
"Jharkhand","Koderma","Jhumri Telaiya","24.4289365","85.5354724","87867","Vynex Indian Cities Geodata"
"Jharkhand","Palamu","Medininagar","24.0420432","84.0907246","119972","Vynex Indian Cities Geodata"
"Karnataka","Bagalkot","Bagalkot","16.1725355","75.6557206","12068","Vynex Indian Cities Geodata"
"Karnataka","Belagavi","Belgaum","15.8496953","74.4976741","490045","Vynex Indian Cities Geodata"
"Karnataka","Ballari","Bellary","15.1393932","76.9214428","409444","Vynex Indian Cities Geodata"
"Karnataka","Shimoga","Bhadravati","13.8329901","75.7080727","151102","Vynex Indian Cities Geodata"
"Karnataka","Bidar","Bidar","17.9148799","77.5046101","216020","Vynex Indian Cities Geodata"
"Karnataka","Vijayapur","Bijapur","16.8301708","75.710031","327427","Vynex Indian Cities Geodata"
"Karnataka","Chikkamagallooru","Chikkamagallooru","13.315258","75.7754018","118496","Vynex Indian Cities Geodata"
"Karnataka","Chikkamagaluru","Chikmagalur","13.315258","75.7754018","118496","Vynex Indian Cities Geodata"
"Karnataka","Chitradurga","Chitradurga","14.2305594","76.3984537","145853","Vynex Indian Cities Geodata"
"Karnataka","Davangere","Davangere","14.4663438","75.9238397","435128","Vynex Indian Cities Geodata"
"Karnataka","Gadag","Gadag","15.4324651","75.6380337","172612","Vynex Indian Cities Geodata"
"Karnataka","Koppal","Gangawati","15.431874","76.5314817","114642","Vynex Indian Cities Geodata"
"Karnataka","Kalburgi","Gulbarga","17.329731","76.8342957","532031","Vynex Indian Cities Geodata"
"Karnataka","Davanagere","Harihar","14.5304566","75.8010962","145000","Vynex Indian Cities Geodata"
"Karnataka","Hassan","Hassan","13.0068142","76.0995519","173008","Vynex Indian Cities Geodata"
"Karnataka","Bellary","Hospet","15.2688542","76.3909241","206159","Vynex Indian Cities Geodata"
"Karnataka","Dharwad","Hubli","15.3647083","75.1239547","943857","Vynex Indian Cities Geodata"
"Karnataka","South Canara","Mangalore","12.9141417","74.8559568","499487","Vynex Indian Cities Geodata"
"Karnataka","Raichur","Raichur","16.2120031","77.3439283","232456","Vynex Indian Cities Geodata"
"Karnataka","Ramnagar","Ramanagara","12.7094487","77.2807423","95167","Vynex Indian Cities Geodata"
"Karnataka","Shivamogga","Shimoga","13.9299299","75.568101","322428","Vynex Indian Cities Geodata"
"Kerala","Kozhikode","Calicut","11.2587531","75.78041","432097","Vynex Indian Cities Geodata"
"Kerala","Ernakulam","Kothamangalam","10.0601903","76.6350827","114639","Vynex Indian Cities Geodata"
"Kerala","Malappuram","Manjeri","11.1202984","76.1199677","97102","Vynex Indian Cities Geodata"
"Kerala","Kannur","Thalassery","11.7532878","75.4928777","92558","Vynex Indian Cities Geodata"
"Lakshadweep","Lakshadweep","Kavaratti","10.5593204","72.6358134","11210","Vynex Indian Cities Geodata"
"Madhya Pradesh","Betul","Betul","21.9108031","77.9011842","103341","Vynex Indian Cities Geodata"
"Madhya Pradesh","Bhind","Bhind","26.5587354","78.7872876","197332","Vynex Indian Cities Geodata"
"Madhya Pradesh","Burhanpur","Burhanpur","21.3193875","76.2224273","210891","Vynex Indian Cities Geodata"
"Madhya Pradesh","Chhatarpur","Chhatarpur","24.9163562","79.5811827","147688","Vynex Indian Cities Geodata"
"Madhya Pradesh","Chhindwara","Chhindwara","22.057437","78.9381729","190008","Vynex Indian Cities Geodata"
"Madhya Pradesh","Damoh","Damoh","23.8380986","79.4421731","147515","Vynex Indian Cities Geodata"
"Madhya Pradesh","Datia","Datia","25.6653262","78.4609393","100466","Vynex Indian Cities Geodata"
"Madhya Pradesh","Dewas","Dewas","22.9622672","76.0507949","289438","Vynex Indian Cities Geodata"
"Madhya Pradesh","Shahdol","Dhanpuri","23.2307927","81.4690932","94799","Vynex Indian Cities Geodata"
"Madhya Pradesh","Dhar","Dhar","22.6012922","75.3024655","93917","Vynex Indian Cities Geodata"
"Madhya Pradesh","Guna","Guna","24.6348197","77.2979782","180978","Vynex Indian Cities Geodata"
"Madhya Pradesh","Hoshangabad","Hoshangabad","22.744108","77.736967","117956","Vynex Indian Cities Geodata"
"Madhya Pradesh","Katni","Katni","23.8308453","80.4072255","221875","Vynex Indian Cities Geodata"
"Madhya Pradesh","Khandwa","Khandwa","21.8257334","76.352571","200681","Vynex Indian Cities Geodata"
"Madhya Pradesh","Khargone","Khargone","21.8335244","75.6149893","133361","Vynex Indian Cities Geodata"
"Maharashtra","Solapur","Barshi","18.2333856","75.6941478","104786","Vynex Indian Cities Geodata"
"Maharashtra","Beed","Beed","18.9890893","75.7600785","146709","Vynex Indian Cities Geodata"
"Maharashtra","Bhandara","Bhandara","21.1750113","79.6558242","91845","Vynex Indian Cities Geodata"
"Maharashtra","Jalgaon","Bhusawal","21.0455204","75.8010962","204016","Vynex Indian Cities Geodata"
"Maharashtra","Jalgaon","Chalisgaon","20.4640778","74.9968543","97551","Vynex Indian Cities Geodata"
"Maharashtra","Chandrapur","Chandrapur","19.9704597","79.3014845","325000","Vynex Indian Cities Geodata"
"Maharashtra","Gondia","Gondia","21.4624491","80.2209773","132821","Vynex Indian Cities Geodata"
"Maharashtra","Wardha","Hinganghat","20.5505728","78.8411405","106984","Vynex Indian Cities Geodata"
"Maharashtra","Jalgaon","Jalgaon","21.0076578","75.5626039","460000","Vynex Indian Cities Geodata"
"Maharashtra","Jalna","Jalna","19.842614","75.894805","285577","Vynex Indian Cities Geodata"
"Maharashtra","Nagpur","Kamptee","21.2275312","79.1900834","136124","Vynex Indian Cities Geodata"
"Maharashtra","Buldhana","Khamgaon","20.707117","76.571995","94191","Vynex Indian Cities Geodata"
"Maharashtra","Kolhapur","Kolhapur","16.7049873","74.2432527","549618","Vynex Indian Cities Geodata"
"Maharashtra","Nanded","Nanded","19.1382514","77.3209555","550564","Vynex Indian Cities Geodata"
"Maharashtra","Pune","Pimpri-Chinchwad","18.62354","73.807873","1772891","Vynex Indian Cities Geodata"
"Maharashtra","Sangli","Sangli-Miraj-Kupwad","16.8541887","74.6049061","513862","Vynex Indian Cities Geodata"
"Odisha","Balasore","Balasore","21.504467","86.922227","177557","Vynex Indian Cities Geodata"
"Odisha","Mayurbhanj","Baripada","21.9322338","86.7516942","116874","Vynex Indian Cities Geodata"
"Odisha","Ganjam","Berhampur","19.314914","84.794244","355823","Vynex Indian Cities Geodata"
"Odisha","Koraput","Jeypore","18.8606126","82.5510469","84830","Vynex Indian Cities Geodata"
"Odisha","Sundargarh","Rourkela","22.260423","84.8535844","552970","Vynex Indian Cities Geodata"
"Puducherry","Puducherry","Ozhukarai","11.94888","79.712141","300104","Vynex Indian Cities Geodata"
"Puducherry","Puducherry","Puducherry","11.9138598","79.8144722","654392","Vynex Indian Cities Geodata"
"Punjab","Fazilka","Abohar","30.1452928","74.1993043","145238","Vynex Indian Cities Geodata"
"Punjab","Muktsar","Muktasar","30.476681","74.511289","117085","Vynex Indian Cities Geodata"
"Rajasthan","Banswara","Banswara","23.5461394","74.4349761","100128","Vynex Indian Cities Geodata"
"Rajasthan","Baran","Baran","25.1011438","76.5131637","117992","Vynex Indian Cities Geodata"
"Rajasthan","Beawar","Beawar","26.1007337","74.3190747","151152","Vynex Indian Cities Geodata"
"Rajasthan","Alwar","Bhiwadi","28.2088218","76.8445999","104883","Vynex Indian Cities Geodata"
"Rajasthan","Bundi","Bundi","25.4305144","75.6499025","104457","Vynex Indian Cities Geodata"
"Rajasthan","Chittorgarh","Chittorgarh","24.8887435","74.6269216","154439","Vynex Indian Cities Geodata"
"Rajasthan","Churu","Churu","28.2920484","74.9617924","120157","Vynex Indian Cities Geodata"
"Rajasthan","Dausa","Dausa","26.8931931","76.3375284","85960","Vynex Indian Cities Geodata"
"Rajasthan","Dholpur","Dholpur","26.7025181","77.893391","133075","Vynex Indian Cities Geodata"
"Rajasthan","Sikar","Fatehpur","27.9950204","74.9617924","92595","Vynex Indian Cities Geodata"
"Rajasthan","Sawai Madhopur","Gangapur","26.478446","76.732222","130061","Vynex Indian Cities Geodata"
"Rajasthan","Hanumangarh","Hanumangarh","29.614436","74.2858121","150958","Vynex Indian Cities Geodata"
"Rajasthan","Karauli","Hindaun","26.7454967","77.0330481","109569","Vynex Indian Cities Geodata"
"Rajasthan","Jhunjhunu","Jhunjhunu","28.1288747","75.3995089","100476","Vynex Indian Cities Geodata"
"Rajasthan","Karauli","Karauli","26.488323","77.0161436","82960","Vynex Indian Cities Geodata"
"Rajasthan","Ajmer","Kishangarh","26.5870344","74.856397","154986","Vynex Indian Cities Geodata"
"Rajasthan","Sri Ganganagar","Sri Ganganagar","29.912527","73.875212","249914","Vynex Indian Cities Geodata"
"Sikkim","East Sikkim","Gangtok","27.3389356","88.6065035","98658","Vynex Indian Cities Geodata"
"Tamil Nadu","Vellore","Ambur","12.7903613","78.7166084","162521","Vynex Indian Cities Geodata"
"Tamil Nadu","Cuddalore","Cuddalore","11.744699","79.7680243","173636","Vynex Indian Cities Geodata"
"Tamil Nadu","Dindigul","Dindigul","10.3673123","77.9802906","207327","Vynex Indian Cities Geodata"
"Tamil Nadu","Vellore","Gudiyatham","12.9447361","78.8709019","291558","Vynex Indian Cities Geodata"
"Tamil Nadu","Krishnagiri","Hosur","12.7409127","77.8252923","116821","Vynex Indian Cities Geodata"
"Tamil Nadu","Tirunelveli","Kadayanallur","9.0778543","77.3451861","90364","Vynex Indian Cities Geodata"
"Tamil Nadu","Kanchipuram","Kanchipuram","12.8341735","79.7036402","164265","Vynex Indian Cities Geodata"
"Tamil Nadu","Sivaganga","Karaikudi","10.0731315","78.7801544","106714","Vynex Indian Cities Geodata"
"Tamil Nadu","Namakkal","Komarapalayam","11.4466642","77.6943353","171594","Vynex Indian Cities Geodata"
"Tamil Nadu","Thoothukudi","Kovilpatti","9.1674144","77.8767442","95057","Vynex Indian Cities Geodata"
"Tamil Nadu","Thanjavur","Kumbakonam","10.9616945","79.3881132","140156","Vynex Indian Cities Geodata"
"Tamil Nadu","Cuddalore","Neyveli","11.5432364","79.4760133","105687","Vynex Indian Cities Geodata"
"Tamil Nadu","Nilgiri","Ooty","11.4064138","76.6932438","88430","Vynex Indian Cities Geodata"
"Tamil Nadu","Tiruppur","Tirupur","11.1085242","77.3410656","962982","Vynex Indian Cities Geodata"
"Tamil Nadu","Thoothukkudi","Tuticorin","8.7641661","78.1348361","410760","Vynex Indian Cities Geodata"
"Telangana","Nalgonda","Nalgonda","17.057358","79.268649","135744","Vynex Indian Cities Geodata"
"Uttar Pradesh","Ambedkar Nagar","Akbarpur","26.4407468","82.5537514","111594","Vynex Indian Cities Geodata"
"Uttar Pradesh","Auraiya","Auraiya","26.4625957","79.5097549","99674","Vynex Indian Cities Geodata"
"Uttar Pradesh","Ballia","Ballia","25.7584381","84.1487319","111287","Vynex Indian Cities Geodata"
"Uttar Pradesh","Banda","Banda","25.4796224","80.3380213","160432","Vynex Indian Cities Geodata"
"Uttar Pradesh","Barabanki","Barabanki","26.9400001","81.19","154692","Vynex Indian Cities Geodata"
"Uttar Pradesh","Baghput","Baraut","29.099112","77.256551","102733","Vynex Indian Cities Geodata"
"Uttar Pradesh","Bareilly","Bareilly","28.3670355","79.4304381","979933","Vynex Indian Cities Geodata"
"Uttar Pradesh","Basti","Basti","26.8176796","82.7633133","114651","Vynex Indian Cities Geodata"
"Uttar Pradesh","Sant Ravidas Nagar","Bhadohi","25.38727","82.5680309","94620","Vynex Indian Cities Geodata"
"Uttar Pradesh","Bijnor","Bijnor","29.3724422","78.1358472","115381","Vynex Indian Cities Geodata"
"Uttar Pradesh","Budaun","Budaun","28.0337088","79.1205419","369221","Vynex Indian Cities Geodata"
"Uttar Pradesh","Bulandshahr","Bulandshahr","28.406963","77.8498292","235310","Vynex Indian Cities Geodata"
"Uttar Pradesh","Gautam Buddha Nagar","Dadri","28.5461902","77.55621","91189","Vynex Indian Cities Geodata"
"Uttar Pradesh","Saharanpur","Deoband","29.6910213","77.6822442","97037","Vynex Indian Cities Geodata"
"Uttar Pradesh","Deoria","Deoria","26.505358","83.784454","129570","Vynex Indian Cities Geodata"
"Uttar Pradesh","Etah","Etah","27.5587505","78.662567","131023","Vynex Indian Cities Geodata"
"Uttar Pradesh","Faizabad","Faizabad","26.7732476","82.1441643","642381","Vynex Indian Cities Geodata"
"Uttar Pradesh","Farrukhabad","Farrukhabad","27.3826126","79.5940544","318540","Vynex Indian Cities Geodata"
"Uttar Pradesh","Fatehpur","Fatehpur","25.9200736","80.8099941","193801","Vynex Indian Cities Geodata"
"Uttar Pradesh","Ghaziabad","Ghaziabad","28.6691565","77.4537578","2358525","Vynex Indian Cities Geodata"
"Uttar Pradesh","Ghazipur","Ghazipur","25.5840419","83.5770202","121136","Vynex Indian Cities Geodata"
"Uttar Pradesh","Gonda","Gonda","27.1339913","81.9618968","138929","Vynex Indian Cities Geodata"
"Uttar Pradesh","Gorakhpur","Gorakhpur","26.7605545","83.3731675","692519","Vynex Indian Cities Geodata"
"Uttar Pradesh","Gautam Budh Nagar","Greater Noida","28.4743879","77.5039904","107676","Vynex Indian Cities Geodata"
"Uttar Pradesh","Hathras","Hathras","27.6056212","78.0537813","161289","Vynex Indian Cities Geodata"
"Uttar Pradesh","Jaunpur","Jaunpur","25.7490034","82.6987002","168128","Vynex Indian Cities Geodata"
"Uttar Pradesh","Kasganj","Kasganj","27.8129344","78.649785","101241","Vynex Indian Cities Geodata"
"Uttar Pradesh","Muzaffarnagar","Khatauli","29.2758596","77.7309012","97427","Vynex Indian Cities Geodata"
"Uttar Pradesh","Bulandshahr","Khurja","28.2513538","77.8538797","142636","Vynex Indian Cities Geodata"
"Uttar Pradesh","Mahoba","Mahoba","25.2920964","79.8724168","95216","Vynex Indian Cities Geodata"
"Uttar Pradesh","Mainpuri","Mainpuri","27.2284986","79.0249516","133078","Vynex Indian Cities Geodata"
"Uttar Pradesh","Mau","Mau","25.9496379","83.5586445","279060","Vynex Indian Cities Geodata"
"Uttar Pradesh","Azamgarh","Mubarakpur","26.0809431","83.2987576","109539","Vynex Indian Cities Geodata"
"Uttar Pradesh","Chandauli","Mughalsarai","25.2814947","83.1198203","154692","Vynex Indian Cities Geodata"
"Uttar Pradesh","Ghaziabad","Muradnagar","28.7703752","77.4988753","95208","Vynex Indian Cities Geodata"
"Uttar Pradesh","Muzaffarnagar","Muzaffarnagar","29.4726817","77.7085091","494792","Vynex Indian Cities Geodata"
"Uttar Pradesh","Pratapgarh","Pratapgarh","25.8973038","81.9452981","90334","Vynex Indian Cities Geodata"
"Uttarakhand","Nainital","Haldwani","29.2182644","79.5129767","252060","Vynex Indian Cities Geodata"
"Uttarakhand","Haridwar","Haridwar","29.9456906","78.1642478","310582","Vynex Indian Cities Geodata"
"West Bengal","Alipurduar","Alipurduar","26.4918891","89.5271026","127342","Vynex Indian Cities Geodata"
"West Bengal","North 24 Parganas","Bangaon","23.0440381","88.827703","110668","Vynex Indian Cities Geodata"
"West Bengal","Bardhaman","Bardhaman","23.2324214","87.8614793","347016","Vynex Indian Cities Geodata"
"West Bengal","North 24 Parganas","Basirhat","22.6574017","88.8671766","144891","Vynex Indian Cities Geodata"
"West Bengal","Birbhum","Bolpur","23.6686892","87.6827676","92370","Vynex Indian Cities Geodata"
"West Bengal","Nadia","Chakdaha","23.047858","88.5130144","132855","Vynex Indian Cities Geodata"
"West Bengal","Cooch Behar","Cooch Behar","26.3356861","89.445851","106760","Vynex Indian Cities Geodata"
"West Bengal","Hooghly","Dankuni","22.6808348","88.2929313","249840","Vynex Indian Cities Geodata"
"West Bengal","Darjeeling","Darjeeling","27.0360066","88.2626751","132016","Vynex Indian Cities Geodata"
"West Bengal","Murshidabad","Dhulian","24.6706654","87.9481846","239022","Vynex Indian Cities Geodata"
"West Bengal","Bardhaman","Durgapur","23.5204443","87.3119227","581409","Vynex Indian Cities Geodata"
"West Bengal","Purba Medinipur","Haldia","22.0666742","88.0698118","200762","Vynex Indian Cities Geodata"
"West Bengal","Murshidabad","Jangipur","24.4589833","88.1047287","122875","Vynex Indian Cities Geodata"
"West Bengal","Midnapore East","Kanthi","21.7811343","87.7450379","92226","Vynex Indian Cities Geodata"
"West Bengal","Nadia","Krishnanagar","23.4008744","88.5013962","181182","Vynex Indian Cities Geodata"
"West Bengal","Paschim Medinipur","Midnapore","22.4308892","87.3214908","169127","Vynex Indian Cities Geodata"
"West Bengal","Nadia","Shantipur","23.2645399","88.4380966","288718","Vynex Indian Cities Geodata"
